id,category,value,pillar
3,Topic,Health & wellbeing,People & Culture
3,Topic,Education,People & Culture
3,Topic,Climate action,Environmental
3,Topic,Partnerships for sustainability,Value Chain
4,Topic,Health & wellbeing,People & Culture
4,Topic,"Diversity, equity & inclusion",People & Culture
4,Topic,Climate action,Environmental
4,Topic,Partnerships for sustainability,Value Chain
5,Topic,Health & wellbeing,People & Culture
5,Topic,Climate action,Environmental
6,Topic,Health & wellbeing,People & Culture
6,Topic,Education,People & Culture
6,Topic,"Diversity, equity & inclusion",People & Culture
6,Topic,Climate action,Environmental
6,Topic,Clean energy,Environmental
9,Topic,Health & wellbeing,People & Culture
9,Topic,Climate action,Environmental
9,Topic,Clean energy,Environmental
9,Topic,Partnerships for sustainability,Value Chain
11,Topic,Partnerships for sustainability,Value Chain
11,Topic,Health & wellbeing,People & Culture
12,Topic,Climate action,Environmental
12,Topic,Clean energy,Environmental
13,Topic,Clean energy,Environmental
14,Topic,Health & wellbeing,People & Culture
14,Topic,Education,People & Culture
20,Topic,Partnerships for sustainability,Value Chain
20,Topic,Clean energy,Environmental
20,Topic,Climate action,Environmental
20,Topic,"Diversity, equity & inclusion",People & Culture
20,Topic,Health & wellbeing,People & Culture
22,Topic,Education,People & Culture
22,Topic,Climate action,Environmental
22,Topic,Clean energy,Environmental
22,Topic,"Diversity, equity & inclusion",People & Culture
24,Topic,Health & wellbeing,People & Culture
24,Topic,"Diversity, equity & inclusion",People & Culture
24,Topic,Education,People & Culture
25,Topic,Health & wellbeing,People & Culture
25,Topic,"Diversity, equity & inclusion",People & Culture
26,Topic,Health & wellbeing,People & Culture
26,Topic,Education,People & Culture
26,Topic,Climate action,Environmental
26,Topic,Clean energy,Environmental
27,Topic,"Diversity, equity & inclusion",People & Culture
27,Topic,Health & wellbeing,People & Culture
27,Topic,Climate action,Environmental
27,Topic,Clean energy,Environmental
28,Topic,Health & wellbeing,People & Culture
28,Topic,Climate action,Environmental
28,Topic,"Diversity, equity & inclusion",People & Culture
31,Topic,Climate action,Environmental
31,Topic,Clean energy,Environmental
31,Topic,Health & wellbeing,People & Culture
31,Topic,"Diversity, equity & inclusion",People & Culture
31,Topic,Education,People & Culture
33,Topic,Climate action,Environmental
33,Topic,Clean energy,Environmental
34,Topic,"Diversity, equity & inclusion",People & Culture
34,Topic,Education,People & Culture
34,Topic,Health & wellbeing,People & Culture
34,Topic,Climate action,Environmental
34,Topic,Clean energy,Environmental
35,Topic,"Diversity, equity & inclusion",People & Culture
35,Topic,Climate action,Environmental
35,Topic,Clean energy,Environmental
36,Topic,Health & wellbeing,People & Culture
36,Topic,Education,People & Culture
36,Topic,Climate action,Environmental
36,Topic,Clean energy,Environmental
37,Topic,Clean energy,Environmental
37,Topic,Climate action,Environmental
38,Topic,Climate action,Environmental
38,Topic,Health & wellbeing,People & Culture
38,Topic,Clean energy,Environmental
39,Topic,Health & wellbeing,People & Culture
39,Topic,Climate action,Environmental
39,Topic,Clean energy,Environmental
39,Topic,Partnerships for sustainability,Value Chain
40,Topic,Health & wellbeing,People & Culture
40,Topic,Education,People & Culture
40,Topic,Climate action,Environmental
40,Topic,Clean energy,Environmental
41,Topic,Climate action,Environmental
41,Topic,Partnerships for sustainability,Value Chain
42,Topic,Health & wellbeing,People & Culture
42,Topic,"Diversity, equity & inclusion",People & Culture
42,Topic,Climate action,Environmental
42,Topic,Clean energy,Environmental
42,Topic,Education,People & Culture
42,Topic,Partnerships for sustainability,Value Chain
43,Topic,"Diversity, equity & inclusion",People & Culture
43,Topic,Education,People & Culture
43,Topic,Health & wellbeing,People & Culture
44,Topic,Education,People & Culture
44,Topic,Health & wellbeing,People & Culture
44,Topic,"Diversity, equity & inclusion",People & Culture
45,Topic,Health & wellbeing,People & Culture
45,Topic,Climate action,Environmental
45,Topic,Education,People & Culture
45,Topic,Clean energy,Environmental
46,Topic,Clean energy,Environmental
46,Topic,Climate action,Environmental
47,Topic,Climate action,Environmental
47,Topic,Health & wellbeing,People & Culture
48,Topic,Health & wellbeing,People & Culture
48,Topic,"Diversity, equity & inclusion",People & Culture
49,Topic,Health & wellbeing,People & Culture
49,Topic,Education,People & Culture
49,Topic,"Diversity, equity & inclusion",People & Culture
49,Topic,Climate action,Environmental
49,Topic,Partnerships for sustainability,Value Chain
49,Topic,Clean energy,Environmental
50,Topic,Climate action,Environmental
50,Topic,Health & wellbeing,People & Culture
50,Topic,Education,People & Culture
50,Topic,"Diversity, equity & inclusion",People & Culture
50,Topic,Clean energy,Environmental
50,Topic,Partnerships for sustainability,Value Chain
51,Topic,Climate action,Environmental
51,Topic,Health & wellbeing,People & Culture
51,Topic,Education,People & Culture
52,Topic,Climate action,Environmental
52,Topic,Health & wellbeing,People & Culture
52,Topic,Education,People & Culture
53,Topic,Climate action,Environmental
53,Topic,Clean energy,Environmental
53,Topic,Health & wellbeing,People & Culture
53,Topic,"Diversity, equity & inclusion",People & Culture
54,Topic,Health & wellbeing,People & Culture
54,Topic,Clean energy,Environmental
54,Topic,"Diversity, equity & inclusion",People & Culture
55,Topic,Climate action,Environmental
55,Topic,Clean energy,Environmental
55,Topic,Partnerships for sustainability,Value Chain
56,Topic,Climate action,Environmental
56,Topic,Health & wellbeing,People & Culture
56,Topic,"Diversity, equity & inclusion",People & Culture
57,Topic,Health & wellbeing,People & Culture
57,Topic,Education,People & Culture
57,Topic,"Diversity, equity & inclusion",People & Culture
57,Topic,Climate action,Environmental
57,Topic,Clean energy,Environmental
57,Topic,Partnerships for sustainability,Value Chain
58,Topic,Health & wellbeing,People & Culture
58,Topic,Education,People & Culture
58,Topic,"Diversity, equity & inclusion",People & Culture
58,Topic,Partnerships for sustainability,Value Chain
59,Topic,Health & wellbeing,People & Culture
59,Topic,Climate action,Environmental
59,Topic,"Diversity, equity & inclusion",People & Culture
60,Topic,Health & wellbeing,People & Culture
60,Topic,Clean energy,Environmental
60,Topic,Climate action,Environmental
61,Topic,Health & wellbeing,People & Culture
61,Topic,Education,People & Culture
61,Topic,"Diversity, equity & inclusion",People & Culture
61,Topic,Climate action,Environmental
61,Topic,Clean energy,Environmental
61,Topic,Partnerships for sustainability,Value Chain
62,Topic,Health & wellbeing,People & Culture
62,Topic,Climate action,Environmental
62,Topic,Clean energy,Environmental
63,Topic,Health & wellbeing,People & Culture
63,Topic,Climate action,Environmental
63,Topic,Clean energy,Environmental
64,Topic,Climate action,Environmental
64,Topic,Health & wellbeing,People & Culture
65,Topic,Clean energy,Environmental
65,Topic,Health & wellbeing,People & Culture
65,Topic,Education,People & Culture
65,Topic,"Diversity, equity & inclusion",People & Culture
65,Topic,Climate action,Environmental
66,Topic,Education,People & Culture
66,Topic,Climate action,Environmental
66,Topic,Clean energy,Environmental
66,Topic,Partnerships for sustainability,Value Chain
67,Topic,Education,People & Culture
67,Topic,Health & wellbeing,People & Culture
67,Topic,"Diversity, equity & inclusion",People & Culture
68,Topic,Health & wellbeing,People & Culture
68,Topic,Climate action,Environmental
68,Topic,Clean energy,Environmental
68,Topic,Partnerships for sustainability,Value Chain
68,Topic,"Diversity, equity & inclusion",People & Culture
68,Topic,Education,People & Culture
69,Topic,Climate action,Environmental
69,Topic,"Diversity, equity & inclusion",People & Culture
69,Topic,Health & wellbeing,People & Culture
70,Topic,"Diversity, equity & inclusion",People & Culture
70,Topic,Climate action,Environmental
71,Topic,Clean energy,Environmental
71,Topic,"Diversity, equity & inclusion",People & Culture
71,Topic,Education,People & Culture
71,Topic,Health & wellbeing,People & Culture
71,Topic,Climate action,Environmental
72,Topic,Education,People & Culture
72,Topic,"Diversity, equity & inclusion",People & Culture
72,Topic,Climate action,Environmental
73,Topic,Health & wellbeing,People & Culture
73,Topic,Education,People & Culture
73,Topic,Climate action,Environmental
74,Topic,Health & wellbeing,People & Culture
74,Topic,Education,People & Culture
74,Topic,Climate action,Environmental
75,Topic,"Diversity, equity & inclusion",People & Culture
75,Topic,Health & wellbeing,People & Culture
76,Topic,Health & wellbeing,People & Culture
76,Topic,Education,People & Culture
76,Topic,"Diversity, equity & inclusion",People & Culture
76,Topic,Climate action,Environmental
76,Topic,Clean energy,Environmental
76,Topic,Partnerships for sustainability,Value Chain
77,Topic,Clean energy,Environmental
77,Topic,Climate action,Environmental
77,Topic,Health & wellbeing,People & Culture
78,Topic,Clean energy,Environmental
78,Topic,Climate action,Environmental
79,Topic,Health & wellbeing,People & Culture
79,Topic,Education,People & Culture
79,Topic,Climate action,Environmental
79,Topic,"Diversity, equity & inclusion",People & Culture
79,Topic,Clean energy,Environmental
79,Topic,Partnerships for sustainability,Value Chain
80,Topic,Health & wellbeing,People & Culture
80,Topic,Clean energy,Environmental
80,Topic,Partnerships for sustainability,Value Chain
81,Topic,Partnerships for sustainability,Value Chain
81,Topic,Clean energy,Environmental
81,Topic,Climate action,Environmental
81,Topic,"Diversity, equity & inclusion",People & Culture
81,Topic,Education,People & Culture
81,Topic,Health & wellbeing,People & Culture
82,Topic,Climate action,Environmental
82,Topic,Education,People & Culture
82,Topic,"Diversity, equity & inclusion",People & Culture
82,Topic,Health & wellbeing,People & Culture
82,Topic,Clean energy,Environmental
82,Topic,Partnerships for sustainability,Value Chain
83,Topic,Health & wellbeing,People & Culture
83,Topic,"Diversity, equity & inclusion",People & Culture
83,Topic,Climate action,Environmental
84,Topic,Climate action,Environmental
84,Topic,Education,People & Culture
84,Topic,Health & wellbeing,People & Culture
84,Topic,Clean energy,Environmental
84,Topic,Partnerships for sustainability,Value Chain
85,Topic,Climate action,Environmental
85,Topic,Clean energy,Environmental
85,Topic,Health & wellbeing,People & Culture
85,Topic,"Diversity, equity & inclusion",People & Culture
86,Topic,Climate action,Environmental
86,Topic,Clean energy,Environmental
86,Topic,Partnerships for sustainability,Value Chain
87,Topic,Health & wellbeing,People & Culture
87,Topic,Education,People & Culture
87,Topic,"Diversity, equity & inclusion",People & Culture
87,Topic,Climate action,Environmental
87,Topic,Clean energy,Environmental
87,Topic,Partnerships for sustainability,Value Chain
88,Topic,Health & wellbeing,People & Culture
88,Topic,Climate action,Environmental
88,Topic,Clean energy,Environmental
89,Topic,Clean energy,Environmental
89,Topic,"Diversity, equity & inclusion",People & Culture
90,Topic,Clean energy,Environmental
90,Topic,Climate action,Environmental
90,Topic,Education,People & Culture
91,Topic,Health & wellbeing,People & Culture
91,Topic,Education,People & Culture
92,Topic,Health & wellbeing,People & Culture
92,Topic,Education,People & Culture
92,Topic,Climate action,Environmental
92,Topic,Clean energy,Environmental
93,Topic,"Diversity, equity & inclusion",People & Culture
93,Topic,Climate action,Environmental
93,Topic,Health & wellbeing,People & Culture
94,Topic,Health & wellbeing,People & Culture
94,Topic,Climate action,Environmental
94,Topic,Clean energy,Environmental
94,Topic,Partnerships for sustainability,Value Chain
95,Topic,Climate action,Environmental
95,Topic,"Diversity, equity & inclusion",People & Culture
95,Topic,Health & wellbeing,People & Culture
96,Topic,Education,People & Culture
96,Topic,Clean energy,Environmental
96,Topic,Health & wellbeing,People & Culture
97,Topic,Health & wellbeing,People & Culture
97,Topic,Climate action,Environmental
97,Topic,Clean energy,Environmental
97,Topic,Partnerships for sustainability,Value Chain
98,Topic,Health & wellbeing,People & Culture
98,Topic,Clean energy,Environmental
99,Topic,Health & wellbeing,People & Culture
99,Topic,Education,People & Culture
99,Topic,Climate action,Environmental
100,Topic,Clean energy,Environmental
100,Topic,Health & wellbeing,People & Culture
101,Topic,Health & wellbeing,People & Culture
101,Topic,Education,People & Culture
101,Topic,Climate action,Environmental
101,Topic,Clean energy,Environmental
101,Topic,Partnerships for sustainability,Value Chain
102,Topic,Clean energy,Environmental
102,Topic,Climate action,Environmental
102,Topic,Health & wellbeing,People & Culture
102,Topic,Education,People & Culture
103,Topic,Health & wellbeing,People & Culture
103,Topic,Education,People & Culture
103,Topic,Partnerships for sustainability,Value Chain
104,Topic,Health & wellbeing,People & Culture
104,Topic,Climate action,Environmental
104,Topic,Clean energy,Environmental
105,Topic,Health & wellbeing,People & Culture
105,Topic,Clean energy,Environmental
105,Topic,Partnerships for sustainability,Value Chain
106,Topic,Health & wellbeing,People & Culture
106,Topic,Education,People & Culture
107,Topic,Health & wellbeing,People & Culture
107,Topic,Climate action,Environmental
107,Topic,Clean energy,Environmental
107,Topic,Education,People & Culture
108,Topic,Education,People & Culture
108,Topic,Clean energy,Environmental
108,Topic,Health & wellbeing,People & Culture
109,Topic,Health & wellbeing,People & Culture
109,Topic,Education,People & Culture
109,Topic,"Diversity, equity & inclusion",People & Culture
109,Topic,Climate action,Environmental
109,Topic,Clean energy,Environmental
109,Topic,Partnerships for sustainability,Value Chain
110,Topic,Health & wellbeing,People & Culture
110,Topic,Education,People & Culture
110,Topic,Climate action,Environmental
110,Topic,Clean energy,Environmental
111,Topic,Health & wellbeing,People & Culture
111,Topic,"Diversity, equity & inclusion",People & Culture
111,Topic,Education,People & Culture
111,Topic,Climate action,Environmental
111,Topic,Clean energy,Environmental
111,Topic,Partnerships for sustainability,Value Chain
112,Topic,Climate action,Environmental
112,Topic,Clean energy,Environmental
112,Topic,Health & wellbeing,People & Culture
112,Topic,Education,People & Culture
112,Topic,"Diversity, equity & inclusion",People & Culture
114,Topic,Education,People & Culture
114,Topic,"Diversity, equity & inclusion",People & Culture
114,Topic,Climate action,Environmental
114,Topic,Clean energy,Environmental
114,Topic,Partnerships for sustainability,Value Chain
114,Topic,Health & wellbeing,People & Culture
115,Topic,Climate action,Environmental
115,Topic,Clean energy,Environmental
115,Topic,Partnerships for sustainability,Value Chain
116,Topic,Health & wellbeing,People & Culture
116,Topic,Education,People & Culture
116,Topic,Clean energy,Environmental
117,Topic,Health & wellbeing,People & Culture
117,Topic,Climate action,Environmental
117,Topic,Clean energy,Environmental
118,Topic,Health & wellbeing,People & Culture
118,Topic,"Diversity, equity & inclusion",People & Culture
118,Topic,Climate action,Environmental
118,Topic,Clean energy,Environmental
119,Topic,Health & wellbeing,People & Culture
119,Topic,Education,People & Culture
119,Topic,Climate action,Environmental
119,Topic,Clean energy,Environmental
119,Topic,"Diversity, equity & inclusion",People & Culture
120,Topic,Climate action,Environmental
120,Topic,Clean energy,Environmental
121,Topic,Climate action,Environmental
121,Topic,Clean energy,Environmental
121,Topic,Education,People & Culture
121,Topic,Health & wellbeing,People & Culture
122,Topic,"Diversity, equity & inclusion",People & Culture
122,Topic,Climate action,Environmental
123,Topic,Health & wellbeing,People & Culture
123,Topic,Education,People & Culture
123,Topic,"Diversity, equity & inclusion",People & Culture
123,Topic,Climate action,Environmental
123,Topic,Clean energy,Environmental
123,Topic,Partnerships for sustainability,Value Chain
124,Topic,Climate action,Environmental
124,Topic,Clean energy,Environmental
124,Topic,Partnerships for sustainability,Value Chain
125,Topic,"Diversity, equity & inclusion",People & Culture
125,Topic,Climate action,Environmental
125,Topic,Clean energy,Environmental
125,Topic,Partnerships for sustainability,Value Chain
125,Topic,Education,People & Culture
125,Topic,Health & wellbeing,People & Culture
126,Topic,Health & wellbeing,People & Culture
126,Topic,Climate action,Environmental
126,Topic,Clean energy,Environmental
126,Topic,Partnerships for sustainability,Value Chain
126,Topic,"Diversity, equity & inclusion",People & Culture
126,Topic,Education,People & Culture
127,Topic,Health & wellbeing,People & Culture
127,Topic,Education,People & Culture
127,Topic,"Diversity, equity & inclusion",People & Culture
127,Topic,Climate action,Environmental
127,Topic,Clean energy,Environmental
127,Topic,Partnerships for sustainability,Value Chain
128,Topic,Climate action,Environmental
128,Topic,Partnerships for sustainability,Value Chain
128,Topic,Education,People & Culture
129,Topic,Climate action,Environmental
129,Topic,"Diversity, equity & inclusion",People & Culture
129,Topic,Health & wellbeing,People & Culture
129,Topic,Education,People & Culture
129,Topic,Clean energy,Environmental
129,Topic,Partnerships for sustainability,Value Chain
130,Topic,"Diversity, equity & inclusion",People & Culture
130,Topic,Clean energy,Environmental
130,Topic,Climate action,Environmental
130,Topic,Health & wellbeing,People & Culture
131,Topic,"Diversity, equity & inclusion",People & Culture
131,Topic,Education,People & Culture
131,Topic,Health & wellbeing,People & Culture
131,Topic,Climate action,Environmental
132,Topic,Climate action,Environmental
132,Topic,Clean energy,Environmental
132,Topic,Health & wellbeing,People & Culture
133,Topic,Health & wellbeing,People & Culture
133,Topic,Education,People & Culture
133,Topic,"Diversity, equity & inclusion",People & Culture
133,Topic,Climate action,Environmental
133,Topic,Clean energy,Environmental
133,Topic,Partnerships for sustainability,Value Chain
134,Topic,Clean energy,Environmental
134,Topic,Health & wellbeing,People & Culture
134,Topic,Climate action,Environmental
135,Topic,Climate action,Environmental
135,Topic,Clean energy,Environmental
135,Topic,Health & wellbeing,People & Culture
136,Topic,Climate action,Environmental
136,Topic,Clean energy,Environmental
137,Topic,Health & wellbeing,People & Culture
137,Topic,Education,People & Culture
137,Topic,Climate action,Environmental
137,Topic,Clean energy,Environmental
138,Topic,Clean energy,Environmental
138,Topic,Education,People & Culture
138,Topic,Health & wellbeing,People & Culture
139,Topic,Climate action,Environmental
139,Topic,Clean energy,Environmental
140,Topic,Education,People & Culture
140,Topic,Health & wellbeing,People & Culture
140,Topic,Clean energy,Environmental
140,Topic,Climate action,Environmental
141,Topic,Education,People & Culture
141,Topic,"Diversity, equity & inclusion",People & Culture
141,Topic,Climate action,Environmental
141,Topic,Health & wellbeing,People & Culture
141,Topic,Clean energy,Environmental
141,Topic,Partnerships for sustainability,Value Chain
142,Topic,"Diversity, equity & inclusion",People & Culture
142,Topic,Climate action,Environmental
142,Topic,Health & wellbeing,People & Culture
142,Topic,Clean energy,Environmental
143,Topic,Education,People & Culture
143,Topic,Health & wellbeing,People & Culture
143,Topic,Clean energy,Environmental
144,Topic,"Diversity, equity & inclusion",People & Culture
144,Topic,Clean energy,Environmental
144,Topic,Partnerships for sustainability,Value Chain
144,Topic,Health & wellbeing,People & Culture
144,Topic,Education,People & Culture
145,Topic,Partnerships for sustainability,Value Chain
145,Topic,Clean energy,Environmental
145,Topic,Climate action,Environmental
145,Topic,"Diversity, equity & inclusion",People & Culture
146,Topic,Health & wellbeing,People & Culture
146,Topic,Clean energy,Environmental
147,Topic,Education,People & Culture
147,Topic,Health & wellbeing,People & Culture
147,Topic,"Diversity, equity & inclusion",People & Culture
147,Topic,Climate action,Environmental
147,Topic,Clean energy,Environmental
147,Topic,Partnerships for sustainability,Value Chain
148,Topic,Education,People & Culture
148,Topic,Climate action,Environmental
148,Topic,Clean energy,Environmental
149,Topic,Health & wellbeing,People & Culture
149,Topic,Education,People & Culture
149,Topic,Clean energy,Environmental
150,Topic,Clean energy,Environmental
150,Topic,Education,People & Culture
150,Topic,Health & wellbeing,People & Culture
150,Topic,Climate action,Environmental
151,Topic,Clean energy,Environmental
151,Topic,Health & wellbeing,People & Culture
152,Topic,Health & wellbeing,People & Culture
152,Topic,"Diversity, equity & inclusion",People & Culture
152,Topic,Climate action,Environmental
152,Topic,Clean energy,Environmental
153,Topic,Climate action,Environmental
153,Topic,Clean energy,Environmental
153,Topic,Health & wellbeing,People & Culture
154,Topic,Health & wellbeing,People & Culture
154,Topic,Clean energy,Environmental
154,Topic,"Diversity, equity & inclusion",People & Culture
155,Topic,Health & wellbeing,People & Culture
155,Topic,Education,People & Culture
155,Topic,Climate action,Environmental
155,Topic,Clean energy,Environmental
155,Topic,Partnerships for sustainability,Value Chain
155,Topic,"Diversity, equity & inclusion",People & Culture
156,Topic,Health & wellbeing,People & Culture
156,Topic,Education,People & Culture
156,Topic,"Diversity, equity & inclusion",People & Culture
156,Topic,Climate action,Environmental
156,Topic,Clean energy,Environmental
156,Topic,Partnerships for sustainability,Value Chain
157,Topic,Clean energy,Environmental
158,Topic,Health & wellbeing,People & Culture
158,Topic,Clean energy,Environmental
158,Topic,Education,People & Culture
158,Topic,Partnerships for sustainability,Value Chain
159,Topic,Climate action,Environmental
159,Topic,Clean energy,Environmental
160,Topic,Health & wellbeing,People & Culture
160,Topic,Education,People & Culture
160,Topic,Clean energy,Environmental
160,Topic,"Diversity, equity & inclusion",People & Culture
161,Topic,Health & wellbeing,People & Culture
161,Topic,Education,People & Culture
161,Topic,"Diversity, equity & inclusion",People & Culture
161,Topic,Climate action,Environmental
161,Topic,Clean energy,Environmental
161,Topic,Partnerships for sustainability,Value Chain
162,Topic,Climate action,Environmental
162,Topic,Clean energy,Environmental
162,Topic,Health & wellbeing,People & Culture
163,Topic,Clean energy,Environmental
163,Topic,Education,People & Culture
164,Topic,Climate action,Environmental
164,Topic,Clean energy,Environmental
164,Topic,Health & wellbeing,People & Culture
165,Topic,Health & wellbeing,People & Culture
165,Topic,Education,People & Culture
165,Topic,Climate action,Environmental
166,Topic,Health & wellbeing,People & Culture
166,Topic,"Diversity, equity & inclusion",People & Culture
166,Topic,Climate action,Environmental
167,Topic,Health & wellbeing,People & Culture
167,Topic,Climate action,Environmental
167,Topic,Clean energy,Environmental
168,Topic,Health & wellbeing,People & Culture
168,Topic,"Diversity, equity & inclusion",People & Culture
168,Topic,Climate action,Environmental
168,Topic,Clean energy,Environmental
169,Topic,Education,People & Culture
169,Topic,Clean energy,Environmental
169,Topic,Health & wellbeing,People & Culture
3,Initiative,Innovative sustainable IT solutions,Environmental
3,Initiative,Employee sustainability trainings,People & Culture
3,Initiative,Community outreach programs,People & Culture
4,Initiative,Innovative sustainable IT solutions,Environmental
4,Initiative,Shift to renewable energies,Environmental
5,Initiative,Innovative sustainable IT solutions,Environmental
6,Initiative,Innovative sustainable IT solutions,Environmental
6,Initiative,Awareness campaigns on diversity and inclusion,People & Culture
6,Initiative,Employee sustainability trainings,People & Culture
9,Initiative,Innovative sustainable IT solutions,Environmental
9,Initiative,Shift to renewable energies,Environmental
11,Initiative,Innovative sustainable IT solutions,Environmental
12,Initiative,Reduction of greenhouse gas emissions in business travel,Environmental
12,Initiative,Shift to renewable energies,Environmental
13,Initiative,Shift to renewable energies,Environmental
14,Initiative,Innovative sustainable IT solutions,Environmental
20,Initiative,Reduction of greenhouse gas emissions in business travel,Environmental
20,Initiative,Innovative sustainable IT solutions,Environmental
20,Initiative,Employee sustainability trainings,People & Culture
20,Initiative,Shift to renewable energies,Environmental
22,Initiative,Reduction of greenhouse gas emissions in business travel,Environmental
22,Initiative,Community outreach programs,People & Culture
22,Initiative,Shift to renewable energies,Environmental
22,Initiative,Employee sustainability trainings,People & Culture
24,Initiative,Employee sustainability trainings,People & Culture
24,Initiative,Awareness campaigns on diversity and inclusion,People & Culture
24,Initiative,active promotion of more diversity in management,Other
25,Initiative,Reduction of greenhouse gas emissions in business travel,Environmental
26,Initiative,Innovative sustainable IT solutions,Environmental
26,Initiative,Shift to renewable energies,Environmental
26,Initiative,Reduction of greenhouse gas emissions in business travel,Environmental
26,Initiative,Community outreach programs,People & Culture
27,Initiative,Awareness campaigns on diversity and inclusion,People & Culture
27,Initiative,Reduction of greenhouse gas emissions in business travel,Environmental
27,Initiative,Employee sustainability trainings,People & Culture
28,Initiative,Community outreach programs,People & Culture
28,Initiative,Awareness campaigns on diversity and inclusion,People & Culture
31,Initiative,Innovative sustainable IT solutions,Environmental
33,Initiative,Innovative sustainable IT solutions,Environmental
33,Initiative,Shift to renewable energies,Environmental
33,Initiative,Awareness campaigns on diversity and inclusion,People & Culture
34,Initiative,Reduction of greenhouse gas emissions in business travel,Environmental
34,Initiative,Shift to renewable energies,Environmental
34,Initiative,Awareness campaigns on diversity and inclusion,People & Culture
35,Initiative,Reduction of greenhouse gas emissions in business travel,Environmental
35,Initiative,Innovative sustainable IT solutions,Environmental
35,Initiative,Shift to renewable energies,Environmental
35,Initiative,Employee sustainability trainings,People & Culture
36,Initiative,Reduction of greenhouse gas emissions in business travel,Environmental
37,Initiative,Innovative sustainable IT solutions,Environmental
37,Initiative,Shift to renewable energies,Environmental
37,Initiative,Employee sustainability trainings,People & Culture
38,Initiative,Shift to renewable energies,Environmental
38,Initiative,Employee sustainability trainings,People & Culture
39,Initiative,Reduction of greenhouse gas emissions in business travel,Environmental
39,Initiative,Community outreach programs,People & Culture
39,Initiative,Innovative sustainable IT solutions,Environmental
39,Initiative,Shift to renewable energies,Environmental
39,Initiative,Awareness campaigns on diversity and inclusion,People & Culture
39,Initiative,Employee sustainability trainings,People & Culture
40,Initiative,Reduction of greenhouse gas emissions in business travel,Environmental
40,Initiative,Innovative sustainable IT solutions,Environmental
40,Initiative,Shift to renewable energies,Environmental
40,Initiative,Awareness campaigns on diversity and inclusion,People & Culture
40,Initiative,Employee sustainability trainings,People & Culture
41,Initiative,Community outreach programs,People & Culture
41,Initiative,Innovative sustainable IT solutions,Environmental
42,Initiative,Reduction of greenhouse gas emissions in business travel,Environmental
42,Initiative,Shift to renewable energies,Environmental
42,Initiative,Employee sustainability trainings,People & Culture
43,Initiative,Innovative sustainable IT solutions,Environmental
43,Initiative,Awareness campaigns on diversity and inclusion,People & Culture
43,Initiative,Employee sustainability trainings,People & Culture
44,Initiative,Employee sustainability trainings,People & Culture
44,Initiative,Reduction of greenhouse gas emissions in business travel,Environmental
44,Initiative,Shift to renewable energies,Environmental
44,Initiative,Innovative sustainable IT solutions,Environmental
45,Initiative,Innovative sustainable IT solutions,Environmental
45,Initiative,Shift to renewable energies,Environmental
45,Initiative,Reduction of greenhouse gas emissions in business travel,Environmental
46,Initiative,Shift to renewable energies,Environmental
47,Initiative,Innovative sustainable IT solutions,Environmental
48,Initiative,Reduction of greenhouse gas emissions in business travel,Environmental
48,Initiative,Awareness campaigns on diversity and inclusion,People & Culture
49,Initiative,Innovative sustainable IT solutions,Environmental
50,Initiative,Innovative sustainable IT solutions,Environmental
50,Initiative,Reduction of greenhouse gas emissions in business travel,Environmental
50,Initiative,Shift to renewable energies,Environmental
51,Initiative,Reduction of greenhouse gas emissions in business travel,Environmental
51,Initiative,Innovative sustainable IT solutions,Environmental
51,Initiative,Employee sustainability trainings,People & Culture
52,Initiative,Community outreach programs,People & Culture
52,Initiative,Employee sustainability trainings,People & Culture
52,Initiative,Reduction of greenhouse gas emissions in business travel,Environmental
53,Initiative,Reduction of greenhouse gas emissions in business travel,Environmental
54,Initiative,Reduction of greenhouse gas emissions in business travel,Environmental
54,Initiative,Innovative sustainable IT solutions,Environmental
54,Initiative,Awareness campaigns on diversity and inclusion,People & Culture
54,Initiative,"Currently D&I is too focused on women in IT, no action are taken to also include actions for employees with an age of +55 or for disabled people or for people with another religion",Other
55,Initiative,Reduction of greenhouse gas emissions in business travel,Environmental
55,Initiative,Innovative sustainable IT solutions,Environmental
55,Initiative,Shift to renewable energies,Environmental
56,Initiative,Reduction of greenhouse gas emissions in business travel,Environmental
56,Initiative,Innovative sustainable IT solutions,Environmental
56,Initiative,"Less gifts (always many left over), maybe let colleagues sign in first IF they want to receive a DLW gift?",Other
57,Initiative,Reduction of greenhouse gas emissions in business travel,Environmental
57,Initiative,Community outreach programs,People & Culture
58,Initiative,Community outreach programs,People & Culture
58,Initiative,Shift to renewable energies,Environmental
58,Initiative,Innovative sustainable IT solutions,Environmental
58,Initiative,Reduction of greenhouse gas emissions in business travel,Environmental
59,Initiative,Reduction of greenhouse gas emissions in business travel,Environmental
59,Initiative,Shift to renewable energies,Environmental
59,Initiative,Innovative sustainable IT solutions,Environmental
60,Initiative,Community outreach programs,People & Culture
60,Initiative,Shift to renewable energies,Environmental
60,Initiative,Employee sustainability trainings,People & Culture
61,Initiative,Innovative sustainable IT solutions,Environmental
61,Initiative,Awareness campaigns on diversity and inclusion,People & Culture
61,Initiative,Employee sustainability trainings,People & Culture
61,Initiative,Reduction of greenhouse gas emissions in business travel,Environmental
62,Initiative,Reduction of greenhouse gas emissions in business travel,Environmental
62,Initiative,Community outreach programs,People & Culture
62,Initiative,Innovative sustainable IT solutions,Environmental
62,Initiative,Shift to renewable energies,Environmental
62,Initiative,Employee sustainability trainings,People & Culture
63,Initiative,Reduction of greenhouse gas emissions in business travel,Environmental
63,Initiative,Innovative sustainable IT solutions,Environmental
64,Initiative,Reduction of greenhouse gas emissions in business travel,Environmental
64,Initiative,Innovative sustainable IT solutions,Environmental
64,Initiative,Shift to renewable energies,Environmental
65,Initiative,Innovative sustainable IT solutions,Environmental
65,Initiative,Shift to renewable energies,Environmental
66,Initiative,Shift to renewable energies,Environmental
66,Initiative,Reduction of greenhouse gas emissions in business travel,Environmental
67,Initiative,Innovative sustainable IT solutions,Environmental
67,Initiative,Awareness campaigns on diversity and inclusion,People & Culture
67,Initiative,Employee sustainability trainings,People & Culture
67,Initiative,Community outreach programs,People & Culture
68,Initiative,Reduction of greenhouse gas emissions in business travel,Environmental
68,Initiative,Community outreach programs,People & Culture
68,Initiative,Innovative sustainable IT solutions,Environmental
68,Initiative,Shift to renewable energies,Environmental
68,Initiative,Employee sustainability trainings,People & Culture
69,Initiative,Innovative sustainable IT solutions,Environmental
69,Initiative,Reduction of greenhouse gas emissions in business travel,Environmental
69,Initiative,Shift to renewable energies,Environmental
69,Initiative,Awareness campaigns on diversity and inclusion,People & Culture
69,Initiative,Employee sustainability trainings,People & Culture
70,Initiative,Awareness campaigns on diversity and inclusion,People & Culture
70,Initiative,Reduction of greenhouse gas emissions in business travel,Environmental
71,Initiative,Reduction of greenhouse gas emissions in business travel,Environmental
71,Initiative,Shift to renewable energies,Environmental
71,Initiative,Awareness campaigns on diversity and inclusion,People & Culture
71,Initiative,Employee sustainability trainings,People & Culture
72,Initiative,Reduction of greenhouse gas emissions in business travel,Environmental
72,Initiative,Shift to renewable energies,Environmental
73,Initiative,Innovative sustainable IT solutions,Environmental
73,Initiative,Employee sustainability trainings,People & Culture
74,Initiative,Awareness campaigns on diversity and inclusion,People & Culture
74,Initiative,Reduction of greenhouse gas emissions in business travel,Environmental
75,Initiative,Reduction of greenhouse gas emissions in business travel,Environmental
75,Initiative,Awareness campaigns on diversity and inclusion,People & Culture
76,Initiative,Innovative sustainable IT solutions,Environmental
77,Initiative,Reduction of greenhouse gas emissions in business travel,Environmental
77,Initiative,Innovative sustainable IT solutions,Environmental
77,Initiative,Awareness campaigns on diversity and inclusion,People & Culture
77,Initiative,Employee sustainability trainings,People & Culture
78,Initiative,Reduction of greenhouse gas emissions in business travel,Environmental
78,Initiative,Shift to renewable energies,Environmental
78,Initiative,Employee sustainability trainings,People & Culture
79,Initiative,Innovative sustainable IT solutions,Environmental
79,Initiative,Shift to renewable energies,Environmental
79,Initiative,Reduction of greenhouse gas emissions in business travel,Environmental
80,Initiative,Awareness campaigns on diversity and inclusion,People & Culture
81,Initiative,Innovative sustainable IT solutions,Environmental
81,Initiative,Other initiatives on diversity and inclusion,Other
82,Initiative,Awareness campaigns on diversity and inclusion,People & Culture
82,Initiative,Community outreach programs,People & Culture
83,Initiative,Awareness campaigns on diversity and inclusion,People & Culture
83,Initiative,Community outreach programs,People & Culture
84,Initiative,Shift to renewable energies,Environmental
84,Initiative,Employee sustainability trainings,People & Culture
84,Initiative,Innovative sustainable IT solutions,Environmental
85,Initiative,Reduction of greenhouse gas emissions in business travel,Environmental
85,Initiative,Innovative sustainable IT solutions,Environmental
85,Initiative,Shift to renewable energies,Environmental
86,Initiative,Employee sustainability trainings,People & Culture
86,Initiative,Reduction of greenhouse gas emissions in business travel,Environmental
87,Initiative,Employee sustainability trainings,People & Culture
87,Initiative,Community outreach programs,People & Culture
87,Initiative,Reduction of greenhouse gas emissions in business travel,Environmental
88,Initiative,Innovative sustainable IT solutions,Environmental
89,Initiative,Shift to renewable energies,Environmental
89,Initiative,Awareness campaigns on diversity and inclusion,People & Culture
89,Initiative,Employee sustainability trainings,People & Culture
90,Initiative,Reduction of greenhouse gas emissions in business travel,Environmental
90,Initiative,Shift to renewable energies,Environmental
90,Initiative,Innovative sustainable IT solutions,Environmental
91,Initiative,Innovative sustainable IT solutions,Environmental
91,Initiative,Employee sustainability trainings,People & Culture
92,Initiative,Innovative sustainable IT solutions,Environmental
93,Initiative,Reduction of greenhouse gas emissions in business travel,Environmental
93,Initiative,Shift to renewable energies,Environmental
93,Initiative,Employee sustainability trainings,People & Culture
94,Initiative,Innovative sustainable IT solutions,Environmental
94,Initiative,Shift to renewable energies,Environmental
95,Initiative,Reduction of greenhouse gas emissions in business travel,Environmental
95,Initiative,Innovative sustainable IT solutions,Environmental
96,Initiative,Community outreach programs,People & Culture
96,Initiative,Employee sustainability trainings,People & Culture
97,Initiative,Innovative sustainable IT solutions,Environmental
97,Initiative,Shift to renewable energies,Environmental
97,Initiative,Employee sustainability trainings,People & Culture
98,Initiative,Shift to renewable energies,Environmental
98,Initiative,Innovative sustainable IT solutions,Environmental
99,Initiative,Shift to renewable energies,Environmental
100,Initiative,Innovative sustainable IT solutions,Environmental
100,Initiative,Shift to renewable energies,Environmental
101,Initiative,Shift to renewable energies,Environmental
101,Initiative,Employee sustainability trainings,People & Culture
101,Initiative,Community outreach programs,People & Culture
102,Initiative,Reduction of greenhouse gas emissions in business travel,Environmental
102,Initiative,Innovative sustainable IT solutions,Environmental
102,Initiative,Shift to renewable energies,Environmental
103,Initiative,Employee sustainability trainings,People & Culture
103,Initiative,Innovative sustainable IT solutions,Environmental
103,Initiative,Reduction of greenhouse gas emissions in business travel,Environmental
104,Initiative,Reduction of greenhouse gas emissions in business travel,Environmental
104,Initiative,Innovative sustainable IT solutions,Environmental
104,Initiative,Shift to renewable energies,Environmental
105,Initiative,Innovative sustainable IT solutions,Environmental
106,Initiative,Shift to renewable energies,Environmental
106,Initiative,Innovative sustainable IT solutions,Environmental
107,Initiative,Innovative sustainable IT solutions,Environmental
107,Initiative,Employee sustainability trainings,People & Culture
108,Initiative,Innovative sustainable IT solutions,Environmental
108,Initiative,Employee sustainability trainings,People & Culture
109,Initiative,Reduction of greenhouse gas emissions in business travel,Environmental
109,Initiative,Community outreach programs,People & Culture
109,Initiative,Innovative sustainable IT solutions,Environmental
110,Initiative,Reduction of greenhouse gas emissions in business travel,Environmental
110,Initiative,Innovative sustainable IT solutions,Environmental
110,Initiative,Shift to renewable energies,Environmental
111,Initiative,Innovative sustainable IT solutions,Environmental
111,Initiative,Awareness campaigns on diversity and inclusion,People & Culture
112,Initiative,Innovative sustainable IT solutions,Environmental
112,Initiative,Shift to renewable energies,Environmental
112,Initiative,Community outreach programs,People & Culture
114,Initiative,Awareness campaigns on diversity and inclusion,People & Culture
115,Initiative,Shift to renewable energies,Environmental
115,Initiative,Community outreach programs,People & Culture
116,Initiative,Innovative sustainable IT solutions,Environmental
116,Initiative,Shift to renewable energies,Environmental
116,Initiative,Employee sustainability trainings,People & Culture
117,Initiative,Innovative sustainable IT solutions,Environmental
117,Initiative,Shift to renewable energies,Environmental
118,Initiative,Reduction of greenhouse gas emissions in business travel,Environmental
118,Initiative,Innovative sustainable IT solutions,Environmental
118,Initiative,Awareness campaigns on diversity and inclusion,People & Culture
118,Initiative,Employee sustainability trainings,People & Culture
119,Initiative,Reduction of greenhouse gas emissions in business travel,Environmental
119,Initiative,Community outreach programs,People & Culture
119,Initiative,Innovative sustainable IT solutions,Environmental
119,Initiative,Shift to renewable energies,Environmental
119,Initiative,Awareness campaigns on diversity and inclusion,People & Culture
119,Initiative,Employee sustainability trainings,People & Culture
120,Initiative,Reduction of greenhouse gas emissions in business travel,Environmental
120,Initiative,Innovative sustainable IT solutions,Environmental
120,Initiative,Shift to renewable energies,Environmental
121,Initiative,Reduction of greenhouse gas emissions in business travel,Environmental
121,Initiative,Shift to renewable energies,Environmental
121,Initiative,Innovative sustainable IT solutions,Environmental
122,Initiative,Innovative sustainable IT solutions,Environmental
122,Initiative,Awareness campaigns on diversity and inclusion,People & Culture
123,Initiative,Reduction of greenhouse gas emissions in business travel,Environmental
123,Initiative,Innovative sustainable IT solutions,Environmental
123,Initiative,Awareness campaigns on diversity and inclusion,People & Culture
123,Initiative,Employee sustainability trainings,People & Culture
123,Initiative,Shift to renewable energies,Environmental
124,Initiative,Shift to renewable energies,Environmental
124,Initiative,Reduction of greenhouse gas emissions in business travel,Environmental
124,Initiative,Food waste: sandwiches in office,Other
125,Initiative,Innovative sustainable IT solutions,Environmental
125,Initiative,Employee sustainability trainings,People & Culture
125,Initiative,Reduction of greenhouse gas emissions in business travel,Environmental
126,Initiative,Reduction of greenhouse gas emissions in business travel,Environmental
126,Initiative,Innovative sustainable IT solutions,Environmental
126,Initiative,Awareness campaigns on diversity and inclusion,People & Culture
127,Initiative,Reduction of greenhouse gas emissions in business travel,Environmental
127,Initiative,Community outreach programs,People & Culture
127,Initiative,Innovative sustainable IT solutions,Environmental
127,Initiative,Shift to renewable energies,Environmental
127,Initiative,Awareness campaigns on diversity and inclusion,People & Culture
128,Initiative,Reduction of greenhouse gas emissions in business travel,Environmental
128,Initiative,Employee sustainability trainings,People & Culture
129,Initiative,Awareness campaigns on diversity and inclusion,People & Culture
129,Initiative,Employee sustainability trainings,People & Culture
129,Initiative,Reduction of greenhouse gas emissions in business travel,Environmental
129,Initiative,Innovative sustainable IT solutions,Environmental
130,Initiative,Shift to renewable energies,Environmental
130,Initiative,Awareness campaigns on diversity and inclusion,People & Culture
131,Initiative,Awareness campaigns on diversity and inclusion,People & Culture
131,Initiative,Employee sustainability trainings,People & Culture
132,Initiative,Shift to renewable energies,Environmental
132,Initiative,Innovative sustainable IT solutions,Environmental
132,Initiative,Reduction of greenhouse gas emissions in business travel,Environmental
133,Initiative,Reduction of greenhouse gas emissions in business travel,Environmental
133,Initiative,Innovative sustainable IT solutions,Environmental
133,Initiative,Shift to renewable energies,Environmental
133,Initiative,Awareness campaigns on diversity and inclusion,People & Culture
133,Initiative,Community outreach programs,People & Culture
133,Initiative,Employee sustainability trainings,People & Culture
134,Initiative,Innovative sustainable IT solutions,Environmental
134,Initiative,Shift to renewable energies,Environmental
135,Initiative,Shift to renewable energies,Environmental
135,Initiative,Reduction of greenhouse gas emissions in business travel,Environmental
135,Initiative,Employee sustainability trainings,People & Culture
136,Initiative,Community outreach programs,People & Culture
136,Initiative,Shift to renewable energies,Environmental
137,Initiative,Innovative sustainable IT solutions,Environmental
137,Initiative,Shift to renewable energies,Environmental
137,Initiative,Reduction of greenhouse gas emissions in business travel,Environmental
138,Initiative,Innovative sustainable IT solutions,Environmental
139,Initiative,Shift to renewable energies,Environmental
139,Initiative,Reduction of greenhouse gas emissions in business travel,Environmental
140,Initiative,Innovative sustainable IT solutions,Environmental
140,Initiative,Employee sustainability trainings,People & Culture
140,Initiative,Reduction of greenhouse gas emissions in business travel,Environmental
141,Initiative,Reduction of greenhouse gas emissions in business travel,Environmental
141,Initiative,Innovative sustainable IT solutions,Environmental
141,Initiative,Shift to renewable energies,Environmental
141,Initiative,Awareness campaigns on diversity and inclusion,People & Culture
142,Initiative,Innovative sustainable IT solutions,Environmental
142,Initiative,Shift to renewable energies,Environmental
143,Initiative,Innovative sustainable IT solutions,Environmental
143,Initiative,Reduction of greenhouse gas emissions in business travel,Environmental
144,Initiative,Innovative sustainable IT solutions,Environmental
144,Initiative,Shift to renewable energies,Environmental
144,Initiative,Employee sustainability trainings,People & Culture
144,Initiative,Awareness campaigns on diversity and inclusion,People & Culture
145,Initiative,Awareness campaigns on diversity and inclusion,People & Culture
145,Initiative,Community outreach programs,People & Culture
146,Initiative,Innovative sustainable IT solutions,Environmental
146,Initiative,Shift to renewable energies,Environmental
147,Initiative,Employee sustainability trainings,People & Culture
147,Initiative,Reduction of greenhouse gas emissions in business travel,Environmental
147,Initiative,Innovative sustainable IT solutions,Environmental
148,Initiative,Reduction of greenhouse gas emissions in business travel,Environmental
148,Initiative,Community outreach programs,People & Culture
148,Initiative,Shift to renewable energies,Environmental
149,Initiative,Shift to renewable energies,Environmental
150,Initiative,Innovative sustainable IT solutions,Environmental
150,Initiative,Reduction of greenhouse gas emissions in business travel,Environmental
150,Initiative,Shift to renewable energies,Environmental
151,Initiative,Shift to renewable energies,Environmental
151,Initiative,Employee sustainability trainings,People & Culture
152,Initiative,Reduction of greenhouse gas emissions in business travel,Environmental
152,Initiative,Shift to renewable energies,Environmental
152,Initiative,Employee sustainability trainings,People & Culture
153,Initiative,Innovative sustainable IT solutions,Environmental
154,Initiative,Awareness campaigns on diversity and inclusion,People & Culture
154,Initiative,Shift to renewable energies,Environmental
154,Initiative,Innovative sustainable IT solutions,Environmental
155,Initiative,Innovative sustainable IT solutions,Environmental
155,Initiative,Community outreach programs,People & Culture
155,Initiative,Shift to renewable energies,Environmental
155,Initiative,Employee sustainability trainings,People & Culture
156,Initiative,Reduction of greenhouse gas emissions in business travel,Environmental
156,Initiative,Community outreach programs,People & Culture
156,Initiative,Innovative sustainable IT solutions,Environmental
156,Initiative,Shift to renewable energies,Environmental
156,Initiative,Awareness campaigns on diversity and inclusion,People & Culture
156,Initiative,Employee sustainability trainings,People & Culture
157,Initiative,Innovative sustainable IT solutions,Environmental
157,Initiative,Shift to renewable energies,Environmental
157,Initiative,Awareness campaigns on diversity and inclusion,People & Culture
158,Initiative,Shift to renewable energies,Environmental
158,Initiative,Reduction of greenhouse gas emissions in business travel,Environmental
159,Initiative,Innovative sustainable IT solutions,Environmental
160,Initiative,Shift to renewable energies,Environmental
160,Initiative,Employee sustainability trainings,People & Culture
160,Initiative,Innovative sustainable IT solutions,Environmental
161,Initiative,Reduction of greenhouse gas emissions in business travel,Environmental
161,Initiative,Community outreach programs,People & Culture
161,Initiative,Innovative sustainable IT solutions,Environmental
161,Initiative,Shift to renewable energies,Environmental
161,Initiative,Awareness campaigns on diversity and inclusion,People & Culture
161,Initiative,Employee sustainability trainings,People & Culture
162,Initiative,Innovative sustainable IT solutions,Environmental
162,Initiative,Employee sustainability trainings,People & Culture
162,Initiative,Shift to renewable energies,Environmental
162,Initiative,Reduction of greenhouse gas emissions in business travel,Environmental
163,Initiative,Shift to renewable energies,Environmental
163,Initiative,Innovative sustainable IT solutions,Environmental
164,Initiative,Reduction of greenhouse gas emissions in business travel,Environmental
164,Initiative,Innovative sustainable IT solutions,Environmental
165,Initiative,Community outreach programs,People & Culture
165,Initiative,Innovative sustainable IT solutions,Environmental
166,Initiative,Shift to renewable energies,Environmental
166,Initiative,Innovative sustainable IT solutions,Environmental
167,Initiative,Reduction of greenhouse gas emissions in business travel,Environmental
167,Initiative,Shift to renewable energies,Environmental
167,Initiative,Innovative sustainable IT solutions,Environmental
167,Initiative,Employee sustainability trainings,People & Culture
168,Initiative,Reduction of greenhouse gas emissions in business travel,Environmental
168,Initiative,Shift to renewable energies,Environmental
169,Initiative,Innovative sustainable IT solutions,Environmental
169,Initiative,Shift to renewable energies,Environmental
3,Certification,ISO14001 - Environmental management system,Environmental
3,Certification,Ecovadis rating,Value Chain
3,Certification,SBTi - Science based 1.5°C target,Environmental
4,Certification,ISO26000 - Social responsibility,People & Culture
5,Certification,ISO26000 - Social responsibility,People & Culture
5,Certification,ISO14001 - Environmental management system,Environmental
6,Certification,ISO26000 - Social responsibility,People & Culture
6,Certification,ISO14001 - Environmental management system,Environmental
6,Certification,CDP - Carbon disclosure project,Environmental
6,Certification,Ecovadis rating,Value Chain
9,Certification,ISO14001 - Environmental management system,Environmental
9,Certification,CDP - Carbon disclosure project,Environmental
9,Certification,Ecovadis rating,Value Chain
11,Certification,Ecovadis rating,Value Chain
12,Certification,B Corp certification,Business Conduct
13,Certification,B Corp certification,Business Conduct
13,Certification,ISO14001 - Environmental management system,Environmental
14,Certification,ISO26000 - Social responsibility,People & Culture
14,Certification,ISO14001 - Environmental management system,Environmental
20,Certification,B Corp certification,Business Conduct
20,Certification,ISO14001 - Environmental management system,Environmental
20,Certification,ISO26000 - Social responsibility,People & Culture
20,Certification,SBTi - Science based 1.5°C target,Environmental
20,Certification,CDP - Carbon disclosure project,Environmental
20,Certification,Ecovadis rating,Value Chain
24,Certification,Ecovadis rating,Value Chain
24,Certification,ISO26000 - Social responsibility,People & Culture
25,Certification,B Corp certification,Business Conduct
26,Certification,ISO26000 - Social responsibility,People & Culture
26,Certification,ISO14001 - Environmental management system,Environmental
26,Certification,Ecovadis rating,Value Chain
27,Certification,ISO14001 - Environmental management system,Environmental
27,Certification,ISO26000 - Social responsibility,People & Culture
28,Certification,ISO26000 - Social responsibility,People & Culture
31,Certification,SBTi - Science based 1.5°C target,Environmental
33,Certification,CDP - Carbon disclosure project,Environmental
34,Certification,B Corp certification,Business Conduct
34,Certification,ISO26000 - Social responsibility,People & Culture
34,Certification,ISO14001 - Environmental management system,Environmental
35,Certification,ISO14001 - Environmental management system,Environmental
36,Certification,ISO26000 - Social responsibility,People & Culture
37,Certification,ISO14001 - Environmental management system,Environmental
38,Certification,ISO26000 - Social responsibility,People & Culture
38,Certification,ISO14001 - Environmental management system,Environmental
38,Certification,Ecovadis rating,Value Chain
39,Certification,ISO14001 - Environmental management system,Environmental
39,Certification,ISO26000 - Social responsibility,People & Culture
39,Certification,CDP - Carbon disclosure project,Environmental
40,Certification,ISO14001 - Environmental management system,Environmental
40,Certification,ISO26000 - Social responsibility,People & Culture
41,Certification,ISO14001 - Environmental management system,Environmental
41,Certification,ISO26000 - Social responsibility,People & Culture
42,Certification,ISO14001 - Environmental management system,Environmental
43,Certification,B Corp certification,Business Conduct
43,Certification,Ecovadis rating,Value Chain
44,Certification,ISO14001 - Environmental management system,Environmental
44,Certification,ISO26000 - Social responsibility,People & Culture
45,Certification,SBTi - Science based 1.5°C target,Environmental
46,Certification,ISO14001 - Environmental management system,Environmental
47,Certification,ISO14001 - Environmental management system,Environmental
47,Certification,Ecovadis rating,Value Chain
49,Certification,ISO14001 - Environmental management system,Environmental
49,Certification,ISO26000 - Social responsibility,People & Culture
49,Certification,SBTi - Science based 1.5°C target,Environmental
49,Certification,CDP - Carbon disclosure project,Environmental
49,Certification,B Corp certification,Business Conduct
49,Certification,Ecovadis rating,Value Chain
50,Certification,ISO14001 - Environmental management system,Environmental
50,Certification,ISO26000 - Social responsibility,People & Culture
51,Certification,ISO14001 - Environmental management system,Environmental
51,Certification,ISO26000 - Social responsibility,People & Culture
52,Certification,ISO14001 - Environmental management system,Environmental
54,Certification,Ecovadis rating,Value Chain
54,Certification,ISO14001 - Environmental management system,Environmental
54,Certification,ISO26000 - Social responsibility,People & Culture
55,Certification,ISO14001 - Environmental management system,Environmental
55,Certification,CDP - Carbon disclosure project,Environmental
56,Certification,ISO14001 - Environmental management system,Environmental
56,Certification,CDP - Carbon disclosure project,Environmental
57,Certification,ISO14001 - Environmental management system,Environmental
57,Certification,ISO26000 - Social responsibility,People & Culture
58,Certification,ISO14001 - Environmental management system,Environmental
58,Certification,ISO26000 - Social responsibility,People & Culture
59,Certification,ISO14001 - Environmental management system,Environmental
59,Certification,SBTi - Science based 1.5°C target,Environmental
59,Certification,CDP - Carbon disclosure project,Environmental
60,Certification,ISO14001 - Environmental management system,Environmental
60,Certification,ISO26000 - Social responsibility,People & Culture
61,Certification,ISO26000 - Social responsibility,People & Culture
61,Certification,ISO14001 - Environmental management system,Environmental
62,Certification,ISO14001 - Environmental management system,Environmental
62,Certification,CDP - Carbon disclosure project,Environmental
63,Certification,CDP - Carbon disclosure project,Environmental
63,Certification,ISO14001 - Environmental management system,Environmental
64,Certification,ISO14001 - Environmental management system,Environmental
65,Certification,ISO14001 - Environmental management system,Environmental
65,Certification,CDP - Carbon disclosure project,Environmental
66,Certification,ISO14001 - Environmental management system,Environmental
66,Certification,SBTi - Science based 1.5°C target,Environmental
66,Certification,B Corp certification,Business Conduct
66,Certification,Ecovadis rating,Value Chain
67,Certification,ISO14001 - Environmental management system,Environmental
67,Certification,SBTi - Science based 1.5°C target,Environmental
67,Certification,CDP - Carbon disclosure project,Environmental
68,Certification,ISO14001 - Environmental management system,Environmental
69,Certification,ISO14001 - Environmental management system,Environmental
69,Certification,SBTi - Science based 1.5°C target,Environmental
69,Certification,Ecovadis rating,Value Chain
69,Certification,CDP - Carbon disclosure project,Environmental
69,Certification,B Corp certification,Business Conduct
69,Certification,ISO26000 - Social responsibility,People & Culture
70,Certification,ISO14001 - Environmental management system,Environmental
70,Certification,ISO26000 - Social responsibility,People & Culture
70,Certification,B Corp certification,Business Conduct
70,Certification,Ecovadis rating,Value Chain
71,Certification,ISO26000 - Social responsibility,People & Culture
72,Certification,Société à mission (specific to French market),Business Conduct
72,Certification,ISO14001 - Environmental management system,Environmental
73,Certification,ISO14001 - Environmental management system,Environmental
73,Certification,CDP - Carbon disclosure project,Environmental
73,Certification,Société à mission (specific to French market),Business Conduct
74,Certification,ISO26000 - Social responsibility,People & Culture
74,Certification,ISO14001 - Environmental management system,Environmental
74,Certification,Ecovadis rating,Value Chain
74,Certification,Société à mission (specific to French market),Business Conduct
76,Certification,ISO26000 - Social responsibility,People & Culture
76,Certification,ISO14001 - Environmental management system,Environmental
77,Certification,ISO14001 - Environmental management system,Environmental
77,Certification,SBTi - Science based 1.5°C target,Environmental
77,Certification,Ecovadis rating,Value Chain
77,Certification,CDP - Carbon disclosure project,Environmental
78,Certification,ISO14001 - Environmental management system,Environmental
78,Certification,Ecovadis rating,Value Chain
78,Certification,ISO26000 - Social responsibility,People & Culture
79,Certification,ISO14001 - Environmental management system,Environmental
79,Certification,ISO26000 - Social responsibility,People & Culture
79,Certification,SBTi - Science based 1.5°C target,Environmental
79,Certification,CDP - Carbon disclosure project,Environmental
80,Certification,ISO14001 - Environmental management system,Environmental
81,Certification,SBTi - Science based 1.5°C target,Environmental
81,Certification,ISO14001 - Environmental management system,Environmental
82,Certification,ISO14001 - Environmental management system,Environmental
83,Certification,ISO26000 - Social responsibility,People & Culture
84,Certification,ISO14001 - Environmental management system,Environmental
84,Certification,SBTi - Science based 1.5°C target,Environmental
84,Certification,CDP - Carbon disclosure project,Environmental
85,Certification,ISO14001 - Environmental management system,Environmental
86,Certification,ISO14001 - Environmental management system,Environmental
87,Certification,ISO14001 - Environmental management system,Environmental
87,Certification,ISO26000 - Social responsibility,People & Culture
88,Certification,ISO14001 - Environmental management system,Environmental
89,Certification,ISO14001 - Environmental management system,Environmental
89,Certification,Ecovadis rating,Value Chain
90,Certification,SBTi - Science based 1.5°C target,Environmental
90,Certification,CDP - Carbon disclosure project,Environmental
91,Certification,ISO26000 - Social responsibility,People & Culture
92,Certification,ISO14001 - Environmental management system,Environmental
93,Certification,ISO14001 - Environmental management system,Environmental
93,Certification,SBTi - Science based 1.5°C target,Environmental
94,Certification,ISO14001 - Environmental management system,Environmental
94,Certification,B Corp certification,Business Conduct
95,Certification,ISO14001 - Environmental management system,Environmental
95,Certification,ISO26000 - Social responsibility,People & Culture
95,Certification,SBTi - Science based 1.5°C target,Environmental
96,Certification,CDP - Carbon disclosure project,Environmental
97,Certification,ISO14001 - Environmental management system,Environmental
98,Certification,ISO14001 - Environmental management system,Environmental
99,Certification,ISO14001 - Environmental management system,Environmental
100,Certification,ISO14001 - Environmental management system,Environmental
101,Certification,ISO14001 - Environmental management system,Environmental
101,Certification,ISO26000 - Social responsibility,People & Culture
101,Certification,SBTi - Science based 1.5°C target,Environmental
101,Certification,B Corp certification,Business Conduct
102,Certification,ISO14001 - Environmental management system,Environmental
103,Certification,ISO14001 - Environmental management system,Environmental
103,Certification,CDP - Carbon disclosure project,Environmental
103,Certification,B Corp certification,Business Conduct
104,Certification,ISO14001 - Environmental management system,Environmental
105,Certification,ISO14001 - Environmental management system,Environmental
105,Certification,CDP - Carbon disclosure project,Environmental
106,Certification,ISO14001 - Environmental management system,Environmental
107,Certification,ISO14001 - Environmental management system,Environmental
107,Certification,CDP - Carbon disclosure project,Environmental
107,Certification,ISO26000 - Social responsibility,People & Culture
108,Certification,ISO14001 - Environmental management system,Environmental
109,Certification,ISO14001 - Environmental management system,Environmental
109,Certification,Ecovadis rating,Value Chain
110,Certification,ISO14001 - Environmental management system,Environmental
110,Certification,ISO26000 - Social responsibility,People & Culture
110,Certification,SBTi - Science based 1.5°C target,Environmental
111,Certification,ISO14001 - Environmental management system,Environmental
111,Certification,CDP - Carbon disclosure project,Environmental
112,Certification,SBTi - Science based 1.5°C target,Environmental
112,Certification,ISO14001 - Environmental management system,Environmental
112,Certification,ISO26000 - Social responsibility,People & Culture
114,Certification,ISO14001 - Environmental management system,Environmental
115,Certification,ISO14001 - Environmental management system,Environmental
116,Certification,ISO14001 - Environmental management system,Environmental
116,Certification,CDP - Carbon disclosure project,Environmental
116,Certification,Ecovadis rating,Value Chain
117,Certification,ISO14001 - Environmental management system,Environmental
118,Certification,ISO14001 - Environmental management system,Environmental
119,Certification,ISO14001 - Environmental management system,Environmental
119,Certification,ISO26000 - Social responsibility,People & Culture
119,Certification,B Corp certification,Business Conduct
119,Certification,Ecovadis rating,Value Chain
120,Certification,SBTi - Science based 1.5°C target,Environmental
121,Certification,ISO14001 - Environmental management system,Environmental
121,Certification,SBTi - Science based 1.5°C target,Environmental
121,Certification,CDP - Carbon disclosure project,Environmental
122,Certification,ISO14001 - Environmental management system,Environmental
123,Certification,ISO14001 - Environmental management system,Environmental
125,Certification,ISO14001 - Environmental management system,Environmental
125,Certification,CDP - Carbon disclosure project,Environmental
126,Certification,ISO14001 - Environmental management system,Environmental
126,Certification,ISO26000 - Social responsibility,People & Culture
127,Certification,ISO14001 - Environmental management system,Environmental
127,Certification,ISO26000 - Social responsibility,People & Culture
128,Certification,ISO14001 - Environmental management system,Environmental
128,Certification,ISO26000 - Social responsibility,People & Culture
128,Certification,SBTi - Science based 1.5°C target,Environmental
128,Certification,CDP - Carbon disclosure project,Environmental
128,Certification,B Corp certification,Business Conduct
128,Certification,Ecovadis rating,Value Chain
128,Certification,Société à mission (specific to French market),Business Conduct
129,Certification,ISO26000 - Social responsibility,People & Culture
129,Certification,Ecovadis rating,Value Chain
129,Certification,ISO14001 - Environmental management system,Environmental
130,Certification,ISO14001 - Environmental management system,Environmental
130,Certification,ISO26000 - Social responsibility,People & Culture
131,Certification,ISO14001 - Environmental management system,Environmental
131,Certification,ISO26000 - Social responsibility,People & Culture
132,Certification,Ecovadis rating,Value Chain
132,Certification,ISO14001 - Environmental management system,Environmental
132,Certification,ISO26000 - Social responsibility,People & Culture
132,Certification,B Corp certification,Business Conduct
133,Certification,ISO14001 - Environmental management system,Environmental
133,Certification,ISO26000 - Social responsibility,People & Culture
133,Certification,SBTi - Science based 1.5°C target,Environmental
133,Certification,CDP - Carbon disclosure project,Environmental
134,Certification,ISO14001 - Environmental management system,Environmental
134,Certification,ISO26000 - Social responsibility,People & Culture
135,Certification,ISO14001 - Environmental management system,Environmental
135,Certification,ISO26000 - Social responsibility,People & Culture
136,Certification,ISO14001 - Environmental management system,Environmental
136,Certification,CDP - Carbon disclosure project,Environmental
137,Certification,ISO26000 - Social responsibility,People & Culture
137,Certification,ISO14001 - Environmental management system,Environmental
137,Certification,Ecovadis rating,Value Chain
138,Certification,B Corp certification,Business Conduct
139,Certification,ISO14001 - Environmental management system,Environmental
139,Certification,CDP - Carbon disclosure project,Environmental
141,Certification,ISO26000 - Social responsibility,People & Culture
141,Certification,ISO14001 - Environmental management system,Environmental
142,Certification,ISO26000 - Social responsibility,People & Culture
142,Certification,SBTi - Science based 1.5°C target,Environmental
143,Certification,ISO14001 - Environmental management system,Environmental
143,Certification,ISO26000 - Social responsibility,People & Culture
144,Certification,ISO14001 - Environmental management system,Environmental
144,Certification,ISO26000 - Social responsibility,People & Culture
145,Certification,SBTi - Science based 1.5°C target,Environmental
145,Certification,ISO14001 - Environmental management system,Environmental
146,Certification,ISO14001 - Environmental management system,Environmental
146,Certification,ISO26000 - Social responsibility,People & Culture
147,Certification,ISO14001 - Environmental management system,Environmental
147,Certification,SBTi - Science based 1.5°C target,Environmental
148,Certification,B Corp certification,Business Conduct
148,Certification,ISO26000 - Social responsibility,People & Culture
149,Certification,ISO14001 - Environmental management system,Environmental
150,Certification,B Corp certification,Business Conduct
150,Certification,ISO14001 - Environmental management system,Environmental
151,Certification,ISO14001 - Environmental management system,Environmental
152,Certification,ISO14001 - Environmental management system,Environmental
152,Certification,ISO26000 - Social responsibility,People & Culture
153,Certification,ISO14001 - Environmental management system,Environmental
154,Certification,ISO14001 - Environmental management system,Environmental
154,Certification,Ecovadis rating,Value Chain
155,Certification,ISO14001 - Environmental management system,Environmental
155,Certification,ISO26000 - Social responsibility,People & Culture
155,Certification,B Corp certification,Business Conduct
155,Certification,Ecovadis rating,Value Chain
155,Certification,SBTi - Science based 1.5°C target,Environmental
156,Certification,ISO14001 - Environmental management system,Environmental
156,Certification,ISO26000 - Social responsibility,People & Culture
156,Certification,SBTi - Science based 1.5°C target,Environmental
156,Certification,CDP - Carbon disclosure project,Environmental
157,Certification,ISO14001 - Environmental management system,Environmental
158,Certification,ISO14001 - Environmental management system,Environmental
158,Certification,B Corp certification,Business Conduct
159,Certification,ISO14001 - Environmental management system,Environmental
159,Certification,ISO26000 - Social responsibility,People & Culture
159,Certification,SBTi - Science based 1.5°C target,Environmental
160,Certification,ISO14001 - Environmental management system,Environmental
160,Certification,SBTi - Science based 1.5°C target,Environmental
161,Certification,ISO14001 - Environmental management system,Environmental
161,Certification,ISO26000 - Social responsibility,People & Culture
161,Certification,SBTi - Science based 1.5°C target,Environmental
161,Certification,CDP - Carbon disclosure project,Environmental
161,Certification,B Corp certification,Business Conduct
161,Certification,Ecovadis rating,Value Chain
162,Certification,ISO14001 - Environmental management system,Environmental
162,Certification,CDP - Carbon disclosure project,Environmental
162,Certification,SBTi - Science based 1.5°C target,Environmental
163,Certification,ISO14001 - Environmental management system,Environmental
164,Certification,ISO14001 - Environmental management system,Environmental
165,Certification,ISO14001 - Environmental management system,Environmental
166,Certification,B Corp certification,Business Conduct
167,Certification,ISO14001 - Environmental management system,Environmental
167,Certification,B Corp certification,Business Conduct
167,Certification,CDP - Carbon disclosure project,Environmental
167,Certification,ISO26000 - Social responsibility,People & Culture
168,Certification,ISO14001 - Environmental management system,Environmental
168,Certification,ISO26000 - Social responsibility,People & Culture
168,Certification,CDP - Carbon disclosure project,Environmental
169,Certification,ISO14001 - Environmental management system,Environmental
11,NLP Theme,sustain,Unprompted NLP
20,NLP Theme,supplier,Unprompted NLP
20,NLP Theme,sustain,Unprompted NLP
24,NLP Theme,sustain,Unprompted NLP
25,NLP Theme,commuting,Unprompted NLP
45,NLP Theme,green,Unprompted NLP
49,NLP Theme,business travel,Unprompted NLP
49,NLP Theme,environment,Unprompted NLP
49,NLP Theme,flights,Unprompted NLP
49,NLP Theme,pollution,Unprompted NLP
49,NLP Theme,sustain,Unprompted NLP
52,NLP Theme,partner,Unprompted NLP
62,NLP Theme,sustain,Unprompted NLP
75,NLP Theme,inclusion,Unprompted NLP
81,NLP Theme,sustain,Unprompted NLP
82,NLP Theme,environment,Unprompted NLP
82,NLP Theme,inclusion,Unprompted NLP
82,NLP Theme,psychological,Unprompted NLP
82,NLP Theme,respect,Unprompted NLP
82,NLP Theme,safe,Unprompted NLP
82,NLP Theme,sustain,Unprompted NLP
89,NLP Theme,renewable energy,Unprompted NLP
89,NLP Theme,sustain,Unprompted NLP
89,NLP Theme,water,Unprompted NLP
109,NLP Theme,environment,Unprompted NLP
109,NLP Theme,sustain,Unprompted NLP
121,NLP Theme,water,Unprompted NLP
123,NLP Theme,footprint,Unprompted NLP
140,NLP Theme,waste,Unprompted NLP
163,NLP Theme,environment,Unprompted NLP
163,NLP Theme,water,Unprompted NLP
