Id,Start time,Completion time,Email,Language,How are you connected to delaware?,Please mention your organization's name (if applicable),What is your role or position within your organization?,Which delaware entity are you in contact with?,How important is sustainability to you on a personal level?,"In your view, how committed is your organization to sustainability? (optional)",Which sustainability topics are most important to you? (Select all that apply),How do you think delaware is currently performing on sustainability in the following areas? (optional) You can find our latest sustainability report here: https://www.delaware.pro/en-be/about-us/delaw4,How do you think delaware is currently performing on sustainability in the following areas? (optional) You can find our latest sustainability report here: https://www.delaware.pro/en-be/about-us/delaw1,How do you think delaware is currently performing on sustainability in the following areas? (optional) You can find our latest sustainability report here: https://www.delaware.pro/en-be/about-us/delaw,How do you think delaware is currently performing on sustainability in the following areas? (optional) You can find our latest sustainability report here: https://www.delaware.pro/en-be/about-us/delaw2,How do you think delaware is currently performing on sustainability in the following areas? (optional) You can find our latest sustainability report here: https://www.delaware.pro/en-be/about-us/delaw3,How would you rate delaware’s sustainability performance compared to industry peers?,"From the list below, please select the sustainability initiatives you would like delaware to pursue in the next year. (Select all that apply)",What is one idea you have that could help delaware become more sustainable? (optional),"In your professional opinion, which of the following certifications would most enhance delaware’s credibility in sustainability? (Select all that apply)","Are you open to partnering with delaware on sustainable projects? If yes, please indicate any areas of interest. (optional)","Thank you for your time! We are really eager to learn from your expertise and will work with your results. Feel free to leave additional feedback or suggestions, or contact me at florian.wegener@delaw"
3,9/13/2025 11:10,9/13/2025 11:14,anonymous,Nederlands,Employee (#peopleofdelaware),,Senior Sales executive,delaware The Netherlands,Very important,Somewhat committed,Health & wellbeing;Education;Climate action;Partnerships for sustainability;,Very good,Good,Very good,Good,Fair,Good,Innovative sustainable IT solutions;Employee sustainability trainings;Community outreach programs;,,ISO14001 - Environmental management system;Ecovadis rating;SBTi - Science based 1.5°C target;,"Yes, I already am",
4,9/15/2025 7:14,9/15/2025 7:16,anonymous,English (United States)?,Employee (#peopleofdelaware),,Account Executive,delaware The Netherlands,Somewhat important,Somewhat committed,"Health & wellbeing;Diversity, equity & inclusion;Climate action;Partnerships for sustainability;",Good,Excellent,Very good,Very good,Very good,Good,Innovative sustainable IT solutions;Shift to renewable energies,,ISO26000 - Social responsibility,,
5,9/16/2025 10:40,9/16/2025 10:44,anonymous,Nederlands,Employee (#peopleofdelaware),,Sales Executive,delaware The Netherlands,Somewhat important,Somewhat committed,Health & wellbeing;Climate action;,Good,Very good,Good,Good,Good,Good,Innovative sustainable IT solutions;,,ISO26000 - Social responsibility;ISO14001 - Environmental management system,,
6,9/18/2025 11:12,9/18/2025 11:14,anonymous,English (United States)?,Employee (#peopleofdelaware),,Sales,delaware The Netherlands,Very important,Somewhat committed,"Health & wellbeing;Education;Diversity, equity & inclusion;Climate action;Clean energy;",Good,Good,Very good,Good,Good,Good,Innovative sustainable IT solutions;Awareness campaigns on diversity and inclusion;Employee sustainability trainings;,#,ISO26000 - Social responsibility;ISO14001 - Environmental management system;CDP - Carbon disclosure project;Ecovadis rating;,#,#
7,10/1/2025 18:20,10/1/2025 18:24,anonymous,Nederlands,Local Community Representative,Green Software Foundation,Green Software Champion,delaware Consulting International,Very important,Very committed,"Health & wellbeing;Education;Diversity, equity & inclusion;Climate action;Clean energy;Partnerships for sustainability",Good,Good,Good,Good,Good,Good,Innovative sustainable IT solutions;,Green IT can emit kilotonnes of co2 if calculated correctly. This can be done.,B Corp certification,100%,He is a great profesional. And I would love to work with him.
8,10/1/2025 18:54,10/1/2025 18:57,anonymous,Nederlands,NGO,UN Global Compact NL,Senior Programme Manager,delaware The Netherlands,Very important,Very committed,"Diversity, equity & inclusion;Climate action",Fair,Fair,Fair,Fair,Fair,I don’t have enough information to answer,Awareness campaigns on diversity and inclusion;Employee sustainability trainings;Community outreach programs;Shift to renewable energies;,"Become SBTi-committed, and commit to other UN Global Compact Forward Faster targets (e.g., on gender equality) - action plans are available to help you reach them",SBTi - Science based 1.5°C target;Ecovadis rating;,Yes - we would welcome delaware sharing its best practices with peers in our network and joining any of our trainings,"Hope this is helpful, best of luck!"
9,10/1/2025 19:42,10/1/2025 19:47,anonymous,Nederlands,Employee (#peopleofdelaware),,Analyst,delaware The Netherlands,Somewhat important,Neutral,Health & wellbeing;Climate action;Clean energy;Partnerships for sustainability;,Poor,Fair,Good,Excellent,Good,I don’t have enough information to answer,Innovative sustainable IT solutions;Shift to renewable energies,Offices close to a trainstation so you can take public transport instead a car.,ISO14001 - Environmental management system;CDP - Carbon disclosure project;Ecovadis rating;,,
10,10/2/2025 8:33,10/2/2025 8:36,anonymous,English (United States)?,Media/Press,,Young Professional Program,delaware The Netherlands,Somewhat important,Somewhat committed,"Climate action;Clean energy;Diversity, equity & inclusion;Education;Health & wellbeing;",Very good,Very good,,Good,Good,Good,Innovative sustainable IT solutions;Shift to renewable energies,,ISO14001 - Environmental management system;ISO26000 - Social responsibility,,
11,10/2/2025 8:58,10/2/2025 9:58,anonymous,English (United States)?,Employee (#peopleofdelaware),,Young Professional / Analyst,delaware The Netherlands,Somewhat important,,Partnerships for sustainability;Health & wellbeing;,Fair,Fair,Good,Good,Good,Average,Innovative sustainable IT solutions;,Create solutions that will help companies become more sustainable,Ecovadis rating;,,
12,10/2/2025 10:04,10/2/2025 10:10,anonymous,English (United States)?,Employee (#peopleofdelaware),,Young professional - analyst,delaware The Netherlands,Very important,Somewhat committed,Climate action;Clean energy,Fair,Good,Excellent,Good,Very good,Good,Reduction of greenhouse gas emissions in business travel;Shift to renewable energies,promoting eating less animals by having solely vegetarian lunches,B Corp certification,Yes,
13,10/2/2025 11:14,10/2/2025 11:16,anonymous,English (United States)?,Employee (#peopleofdelaware),,Analyst,delaware The Netherlands,Somewhat important,Somewhat committed,Clean energy;,,,,,,Good,Shift to renewable energies,,B Corp certification;ISO14001 - Environmental management system;,,
14,10/2/2025 12:32,10/2/2025 12:34,anonymous,English (United States)?,Employee (#peopleofdelaware),,Analyst,delaware The Netherlands,Somewhat not important,Somewhat committed,Health & wellbeing;Education,Fair,Fair,Very good,Very good,Excellent,Good,Innovative sustainable IT solutions;,,ISO26000 - Social responsibility;ISO14001 - Environmental management system,no,
15,10/3/2025 9:15,10/3/2025 9:46,anonymous,English (United States)?,Supplier,2Impact,Sustainability consulting - strategy and reporting,delaware The Netherlands,Very important,Very committed,"Health & wellbeing;Education;Climate action;Diversity, equity & inclusion;",Poor,Good,Very good,Good,Fair,Poor,"Innovative sustainable IT solutions;Shift to renewable energies;Reduction of greenhouse gas emissions in business travel;Commit to SBTi, draft out climate transition plan to reduce carbon emissions in all scope (Scope 1,2,3), so not only on business travel;","Disclose climate data on a group level - scope 1,2,3 and historical trends; communicate externally about the actions to reduce carbon emissions and reach targets; Publish sustainability report on group level",Ecovadis rating;SBTi - Science based 1.5°C target;CDP - Carbon disclosure project;ISO14001 - Environmental management system;,"At 2Impact, we work closely with our clients to develop and implement impactful solutions that bring about real change. From strategy to reporting. And from climate to human rights. Our approach is hands-on and pragmatic.
We are a long-term partner for our clients and work together to devise solutions that really work.
Areas we provide support include:
- Climate (GHG calculation, climate transition plan, SBTi target setting)
- Reporting (CSRD, GRI, Integrated report, impact report)
- Human Rights (human rights due diligence for your value chain, training, risk assessment)
- ESG Ratings (EcoVadis, B Corp, CDP, MSCI, S&P Global, Sustainalytics)
- ESG strategy and policies, Double Materiality Assessment",
16,11/20/2025 10:19,11/20/2025 10:22,anonymous,English (United States)?,Academic Partner,WUR,"Researcher, PhD",delaware Consulting International,Very important,Very committed,"Health & wellbeing;Education;Diversity, equity & inclusion;Climate action;Clean energy;Partnerships for sustainability",,,,,,I don’t have enough information to answer,Shift to renewable energies;Innovative sustainable IT solutions;Reduction of greenhouse gas emissions in business travel;Employee sustainability trainings,,don't know enough,,
17,11/20/2025 12:06,11/20/2025 13:08,anonymous,English (United States)?,Academic Partner,Wageningen University,Assistant Professor,delaware Consulting International,Very important,Somewhat committed,"Climate action;Clean energy;Partnerships for sustainability;Diversity, equity & inclusion",Good,Good,Very good,Good,Good,I don’t have enough information to answer,Reduction of greenhouse gas emissions in business travel;Shift to renewable energies,"Stop taking heavy polluters as clients (e.g., fossil fuel companies)",SBTi - Science based 1.5°C target;ISO14001 - Environmental management system;CDP - Carbon disclosure project,,
18,11/23/2025 14:59,11/23/2025 15:06,anonymous,English (United States)?,Academic Partner,,Researcher,delaware The Netherlands,Very important,Very committed,"Clean energy;Climate action;Diversity, equity & inclusion",Fair,Very good,Good,Good,Fair,I don’t have enough information to answer,Reduction of greenhouse gas emissions in business travel;Shift to renewable energies;Awareness campaigns on diversity and inclusion;Employee sustainability trainings,,SBTi - Science based 1.5°C target;CDP - Carbon disclosure project;ISO14001 - Environmental management system;ISO26000 - Social responsibility,,
19,11/24/2025 10:09,11/24/2025 10:11,anonymous,Nederlands,Supplier,Hospitalents BV,CEO,delaware The Netherlands,Very important,Very committed,"Diversity, equity & inclusion;Clean energy;Partnerships for sustainability;Education;Health & wellbeing;Climate action",Excellent,Excellent,Excellent,Excellent,Excellent,Excellent,Employee sustainability trainings;Awareness campaigns on diversity and inclusion,,B Corp certification,,
20,11/24/2025 9:40,11/24/2025 10:22,anonymous,English (United States)?,Employee (#peopleofdelaware),,Office Manager / Executive Assistant,delaware The Netherlands,Very important,Neutral,"Partnerships for sustainability;Clean energy;Climate action;Diversity, equity & inclusion;Health & wellbeing",Poor,Excellent,Good,Very good,Good,Average,Reduction of greenhouse gas emissions in business travel;Innovative sustainable IT solutions;Employee sustainability trainings;Shift to renewable energies,"working with more sustainable suppliers/locations (events, when rebuilding office etc)",B Corp certification;ISO14001 - Environmental management system;ISO26000 - Social responsibility;SBTi - Science based 1.5°C target;CDP - Carbon disclosure project;Ecovadis rating,,
21,11/24/2025 10:37,11/24/2025 10:41,anonymous,Nederlands,Supplier,Vodafone,Advisor,delaware The Netherlands,Somewhat important,,Climate action;Clean energy,,,,,,I don’t have enough information to answer,Reduction of greenhouse gas emissions in business travel;Shift to renewable energies,,ISO14001 - Environmental management system,,
22,11/26/2025 11:13,11/26/2025 11:15,anonymous,English (United States)?,Employee (#peopleofdelaware),,Senior Manager,delaware Belux,Very important,Neutral,"Education;Climate action;Clean energy;Diversity, equity & inclusion",Poor,Good,Good,Good,Very good,I don’t have enough information to answer,Reduction of greenhouse gas emissions in business travel;Community outreach programs;Shift to renewable energies;Employee sustainability trainings,,I have no clue,,
23,11/26/2025 12:40,11/26/2025 12:45,anonymous,English (United States)?,NGO,Fund Isaan,Founder and CEO,delaware Belux,Very important,Somewhat committed,"Education;Health & wellbeing;Diversity, equity & inclusion",Very good,Very good,Excellent,Excellent,Very good,Excellent,Innovative sustainable IT solutions;Community outreach programs;Education,,ISO26000 - Social responsibility,"Yes. Closing the digital gap, education",Delaware is already doing a great job and feels like a warm place to work.
24,11/26/2025 12:44,11/26/2025 12:51,anonymous,English (United States)?,Employee (#peopleofdelaware),,partner,delaware Belux,Somewhat important,Somewhat committed,"Health & wellbeing;Diversity, equity & inclusion;Education",Fair,Good,Good,Good,Fair,Average,Employee sustainability trainings;Awareness campaigns on diversity and inclusion;active promotion of more diversity in management,ensure to have more diversity in leadership and actively search for this. this diversity will allow us to look at the reality from a broader perspective and will open up for more sustainable business practices,Ecovadis rating;ISO26000 - Social responsibility,not relevant,"- report systematically on ESG parameters as well iso only financial metrics
(ESG parameters and targets are unknown within the organization)
- include ESG parameters in Hub, Unit, Solution drivers for their management
(especially diversity related parameters)
- ensure to report outwards on our ESG accomplishments (into the market), include our ESG improvements in our company presentation and all outbound sales material."
25,11/26/2025 13:27,11/26/2025 13:42,anonymous,Nederlands,Employee (#peopleofdelaware),,Specialist Support,delaware Belux,Somewhat important,Somewhat committed,"Health & wellbeing;Diversity, equity & inclusion",Fair,Very good,Very good,Good,Good,Average,Reduction of greenhouse gas emissions in business travel,Invest more in mobility budget and flexible options for commuting. It's possible to lease a bike but it remains an additional cost on top of the car (support),B Corp certification,,
26,11/26/2025 15:25,11/26/2025 15:29,anonymous,English (United States)?,Employee (#peopleofdelaware),,Senior consultant & G2M lead,delaware Belux,Somewhat important,Somewhat committed,Health & wellbeing;Education;Climate action;Clean energy,Fair,Very good,Good,Good,Fair,Good,Innovative sustainable IT solutions;Shift to renewable energies;Reduction of greenhouse gas emissions in business travel;Community outreach programs,,ISO26000 - Social responsibility;ISO14001 - Environmental management system;Ecovadis rating,"yes - linked to people or climate/ environment, but open to other topics as well",
27,11/26/2025 17:21,11/26/2025 20:35,anonymous,English (United States)?,Employee (#peopleofdelaware),,Project Manager,delaware Belux,Very important,Neutral,"Diversity, equity & inclusion;Health & wellbeing;Climate action;Clean energy",Fair,Poor,Fair,Good,Fair,I don’t have enough information to answer,Awareness campaigns on diversity and inclusion;Reduction of greenhouse gas emissions in business travel;Employee sustainability trainings,"Create more awareness with employees, make this",ISO14001 - Environmental management system;ISO26000 - Social responsibility,,
28,11/27/2025 9:38,11/27/2025 9:43,anonymous,Nederlands,Employee (#peopleofdelaware),,Analyst,delaware Belux,Somewhat important,Somewhat committed,"Health & wellbeing;Climate action;Diversity, equity & inclusion",,,,,,Excellent,Community outreach programs;Awareness campaigns on diversity and inclusion,"reimbursment of public transportation to work, a lot of times it's more convenient to go buy PT but employees don't because of the costs",ISO26000 - Social responsibility,,
29,11/28/2025 8:53,11/28/2025 8:55,anonymous,Nederlands,Supplier,Vebego,Operationeel Manager,delaware The Netherlands,Neutral,Very committed,Climate action;Clean energy;Partnerships for sustainability,Good,Good,Good,Good,Good,Good,Reduction of greenhouse gas emissions in business travel,,ISO14001 - Environmental management system;B Corp certification,,
30,11/28/2025 9:14,11/28/2025 9:29,anonymous,Nederlands,Supplier,Eurofiber Nederland BV,Manager ESG,delaware Consulting International,Very important,Very committed,Partnerships for sustainability,Good,Very good,Excellent,Good,Good,I don’t have enough information to answer,Innovative sustainable IT solutions;,Develop software for calculating the product carbon footprint for your industrial customers,SBTi - Science based 1.5°C target,,
31,12/1/2025 17:01,12/1/2025 17:14,anonymous,English (United States)?,Employee (#peopleofdelaware),,Senior Manager,delaware Belux,Somewhat important,Somewhat committed,"Climate action;Clean energy;Health & wellbeing;Diversity, equity & inclusion;Education",Good,Good,Good,Good,Fair,Average,Innovative sustainable IT solutions;,,SBTi - Science based 1.5°C target,,
32,12/3/2025 8:47,12/3/2025 8:50,anonymous,English (United States)?,Supplier,,Sales Manager,delaware Belux,Very important,Very committed,"Diversity, equity & inclusion;Climate action;Clean energy;Partnerships for sustainability;Education;Health & wellbeing",Very good,Very good,Very good,Very good,Very good,Good,Community outreach programs;Innovative sustainable IT solutions,,ISO14001 - Environmental management system,,
33,12/10/2025 12:47,12/10/2025 12:49,anonymous,English (United States)?,Employee (#peopleofdelaware),,Business analyst,delaware Belux,Somewhat important,Neutral,Climate action;Clean energy,Fair,Fair,Very good,Good,Very good,Good,Innovative sustainable IT solutions;Shift to renewable energies;Awareness campaigns on diversity and inclusion,,CDP - Carbon disclosure project,,
34,12/10/2025 17:13,12/10/2025 17:16,anonymous,English (United States)?,Employee (#peopleofdelaware),,Support,delaware Belux,Somewhat important,Somewhat committed,"Diversity, equity & inclusion;Education;Health & wellbeing;Climate action;Clean energy",Good,Fair,Good,Good,Poor,I don’t have enough information to answer,Reduction of greenhouse gas emissions in business travel;Shift to renewable energies;Awareness campaigns on diversity and inclusion,,B Corp certification;ISO26000 - Social responsibility;ISO14001 - Environmental management system,,
35,2/24/2026 16:49,2/24/2026 17:05,anonymous,English (United States)?,Employee (#peopleofdelaware),,Consultant,delaware The Netherlands,Very important,Neutral,"Diversity, equity & inclusion;Climate action;Clean energy",Fair,Fair,Good,Fair,Good,Good,Reduction of greenhouse gas emissions in business travel;Innovative sustainable IT solutions;Shift to renewable energies;Employee sustainability trainings,Carpool initiative,ISO14001 - Environmental management system,Carpooling projects,
36,3/5/2026 10:39,3/5/2026 10:41,anonymous,English (United States)?,Employee (#peopleofdelaware),,Lead Architect,delaware The Netherlands,Very important,Somewhat committed,Health & wellbeing;Education;Climate action;Clean energy,Very good,Very good,Very good,Very good,Very good,Good,Reduction of greenhouse gas emissions in business travel,Carpool and public transport,ISO26000 - Social responsibility,,
37,3/5/2026 10:39,3/5/2026 10:41,anonymous,English (United States)?,Employee (#peopleofdelaware),,solution lead,delaware Belux,Somewhat important,Somewhat committed,Clean energy;Climate action,Poor,Fair,Good,Good,Fair,I don’t have enough information to answer,Innovative sustainable IT solutions;Shift to renewable energies;Employee sustainability trainings,,ISO14001 - Environmental management system,,
38,3/5/2026 10:39,3/5/2026 10:45,anonymous,English (United States)?,Employee (#peopleofdelaware),,Consultant,delaware Belux,Neutral,,Climate action;Health & wellbeing;Clean energy,Very good,Very good,Very good,Excellent,Excellent,Excellent,Shift to renewable energies;Employee sustainability trainings,0,ISO26000 - Social responsibility;ISO14001 - Environmental management system;Ecovadis rating,,
39,3/5/2026 10:38,3/5/2026 10:50,anonymous,English (United States)?,Employee (#peopleofdelaware),,SDM/ODM,delaware Philippines,Very important,Very committed,Health & wellbeing;Climate action;Clean energy;Partnerships for sustainability;,Very good,Excellent,Very good,Very good,Very good,Good,Reduction of greenhouse gas emissions in business travel;Community outreach programs;Innovative sustainable IT solutions;Shift to renewable energies;Awareness campaigns on diversity and inclusion;Employee sustainability trainings,,ISO14001 - Environmental management system;ISO26000 - Social responsibility;CDP - Carbon disclosure project,,
40,3/5/2026 10:39,3/5/2026 10:53,anonymous,Deutsch,Employee (#peopleofdelaware),,Consultant,delaware Germany,Very important,Somewhat committed,Health & wellbeing;Education;Climate action;Clean energy,Fair,Good,Very good,Good,Good,Good,Reduction of greenhouse gas emissions in business travel;Innovative sustainable IT solutions;Shift to renewable energies;Awareness campaigns on diversity and inclusion;Employee sustainability trainings,Change used heating too a modern one,ISO14001 - Environmental management system;ISO26000 - Social responsibility,,
41,3/5/2026 15:35,3/5/2026 15:39,anonymous,English (United States)?,Employee (#peopleofdelaware),,Solution architect,delaware UK & Ireland,Very important,Somewhat committed,Climate action;Partnerships for sustainability,Fair,Very good,Good,Good,Fair,Good,Community outreach programs;Innovative sustainable IT solutions,,ISO14001 - Environmental management system;ISO26000 - Social responsibility,,
42,3/5/2026 15:35,3/5/2026 15:40,anonymous,Deutsch,Employee (#peopleofdelaware),,Service Delivery Manager,delaware Germany,Very important,Somewhat committed,"Health & wellbeing;Diversity, equity & inclusion;Climate action;Clean energy;Education;Partnerships for sustainability",Fair,Fair,,Good,Fair,Good,Reduction of greenhouse gas emissions in business travel;Shift to renewable energies;Employee sustainability trainings,,ISO14001 - Environmental management system,,
43,3/5/2026 15:37,3/5/2026 15:40,anonymous,English (United States)?,Employee (#peopleofdelaware),,Consultant,delaware Belux,Somewhat important,Somewhat committed,"Diversity, equity & inclusion;Education;Health & wellbeing",Very good,Fair,Fair,Good,Good,I don’t have enough information to answer,Innovative sustainable IT solutions;Awareness campaigns on diversity and inclusion;Employee sustainability trainings;,,B Corp certification;Ecovadis rating,Yes! D&I,
44,3/5/2026 15:36,3/5/2026 15:41,anonymous,English (United States)?,Employee (#peopleofdelaware),,Head of People & Culture,delaware Brazil,Very important,Somewhat committed,"Education;Health & wellbeing;Diversity, equity & inclusion",Fair,Fair,Fair,Very good,Good,Good,Employee sustainability trainings;Reduction of greenhouse gas emissions in business travel;Shift to renewable energies;Innovative sustainable IT solutions,,ISO14001 - Environmental management system;ISO26000 - Social responsibility,,
45,3/5/2026 15:36,3/5/2026 15:41,anonymous,Deutsch,Employee (#peopleofdelaware),,Consultant,delaware Germany,Very important,Neutral,Health & wellbeing;Climate action;Education;Clean energy,Fair,Good,Fair,Good,Good,Good,Innovative sustainable IT solutions;Shift to renewable energies;Reduction of greenhouse gas emissions in business travel,Green offiice,SBTi - Science based 1.5°C target,,
46,3/5/2026 15:36,3/5/2026 15:42,anonymous,Français (France),Employee (#peopleofdelaware),,Lead Expert,delaware Belux,Neutral,Somewhat committed,Clean energy;Climate action,Fair,Excellent,Excellent,Excellent,Poor,Good,Shift to renewable energies,Solar panels in the DLW office buildings,ISO14001 - Environmental management system,,Use of AI is consuming a lot of energy… Real non-sense
47,3/5/2026 15:35,3/5/2026 15:42,anonymous,Nederlands,Employee (#peopleofdelaware),,Consultant,delaware The Netherlands,Somewhat important,Somewhat committed,Climate action;Health & wellbeing,Poor,Fair,Poor,Fair,Good,I don’t have enough information to answer,Innovative sustainable IT solutions;,Solar panels on roof of Office,ISO14001 - Environmental management system;Ecovadis rating,,
48,3/5/2026 15:40,3/5/2026 15:43,anonymous,English (United States)?,Employee (#peopleofdelaware),,Senior Consultant,delaware Belux,Neutral,Neutral,"Health & wellbeing;Diversity, equity & inclusion",Fair,Fair,Fair,Fair,Fair,Average,Reduction of greenhouse gas emissions in business travel;Awareness campaigns on diversity and inclusion,,None of them,,
49,3/5/2026 15:37,3/5/2026 15:43,anonymous,English (United States)?,Employee (#peopleofdelaware),,Senior Consultant,delaware India,Very important,Somewhat committed,"Health & wellbeing;Education;Diversity, equity & inclusion;Climate action;Partnerships for sustainability;Clean energy",Good,Good,Good,Good,Good,Good,Innovative sustainable IT solutions;,"One idea to help Delaware Consulting become more sustainable is to reduce business travel and use online meetings more often. Consultants often travel to meet clients. Instead, many meetings and workshops can be done using video calls and online collaboration tools. This will reduce flights and car travel, which helps lower pollution. It also saves time and money. In simple words, doing more work online and less traveling can help the company protect the environment.",ISO14001 - Environmental management system;ISO26000 - Social responsibility;SBTi - Science based 1.5°C target;CDP - Carbon disclosure project;B Corp certification;Ecovadis rating,Process optimization to reduce waste and energy consumption,
50,3/5/2026 15:48,3/5/2026 15:50,anonymous,English (United States)?,Employee (#peopleofdelaware),,SAP MM Analysy,delaware Brazil,Very important,Very committed,"Climate action;Health & wellbeing;Education;Diversity, equity & inclusion;Clean energy;Partnerships for sustainability",,,,,,Good,Innovative sustainable IT solutions;Reduction of greenhouse gas emissions in business travel;Shift to renewable energies,,ISO14001 - Environmental management system;ISO26000 - Social responsibility,,
51,3/5/2026 15:46,3/5/2026 15:59,anonymous,English (United States)?,Employee (#peopleofdelaware),,Business Development,delaware The Netherlands,Very important,Somewhat committed,Climate action;Health & wellbeing;Education,,,,,,I don’t have enough information to answer,Reduction of greenhouse gas emissions in business travel;Innovative sustainable IT solutions;Employee sustainability trainings,"More carpooling, actually use reusable dishes",ISO14001 - Environmental management system;ISO26000 - Social responsibility,"Yes, it would be new to me. So the area of preference is unknown to me at the moment.",
52,3/5/2026 15:52,3/5/2026 16:04,anonymous,English (United States)?,Employee (#peopleofdelaware),,Consultant,delaware North America,Very important,Not committed,Climate action;Health & wellbeing;Education,Poor,Fair,Poor,Poor,Poor,Poor,Community outreach programs;Employee sustainability trainings;Reduction of greenhouse gas emissions in business travel,Hold management partners accountable - don't let them ignore/eliminate initiatives,ISO14001 - Environmental management system,,
53,3/11/2026 9:05,3/11/2026 9:14,anonymous,Nederlands,Employee (#peopleofdelaware),,Senior Consultant,delaware Belux,Very important,Neutral,"Climate action;Clean energy;Health & wellbeing;Diversity, equity & inclusion",Poor,Very good,Good,Good,Good,I don’t have enough information to answer,Reduction of greenhouse gas emissions in business travel,Schedule consultants living closest to projects and allow more remote work when living more than 50min traffic included from project,No clue what these mean,,"What happened to all the planted plants around the offices and forrests, are they growing well?"
54,3/11/2026 10:53,3/11/2026 10:59,anonymous,Nederlands,Employee (#peopleofdelaware),,Projectleader,delaware Belux,Somewhat important,Not committed,"Health & wellbeing;Clean energy;Diversity, equity & inclusion",Good,Poor,Good,Fair,Fair,Average,"Reduction of greenhouse gas emissions in business travel;Innovative sustainable IT solutions;Awareness campaigns on diversity and inclusion;Currently D&I is too focused on women in IT, no action are taken to also include actions for employees with an age of +55 or for disabled people or for people with another religion",,Ecovadis rating;ISO14001 - Environmental management system;ISO26000 - Social responsibility,,
55,3/11/2026 12:08,3/11/2026 12:12,anonymous,Nederlands,Employee (#peopleofdelaware),,Analyst in Team Business Data & AI,delaware Belux,Very important,Somewhat committed,Climate action;Clean energy;Partnerships for sustainability,Good,Excellent,Very good,Very good,Very good,Good,Reduction of greenhouse gas emissions in business travel;Innovative sustainable IT solutions;Shift to renewable energies,,ISO14001 - Environmental management system;CDP - Carbon disclosure project,,
56,3/16/2026 11:09,3/16/2026 11:24,anonymous,English (United States)?,Employee (#peopleofdelaware),,Office Manager / Management Assistant,delaware The Netherlands,Very important,Somewhat committed,"Climate action;Health & wellbeing;Diversity, equity & inclusion",Poor,Excellent,Very good,Very good,Good,Good,"Reduction of greenhouse gas emissions in business travel;Innovative sustainable IT solutions;Less gifts (always many left over), maybe let colleagues sign in first IF they want to receive a DLW gift?",,ISO14001 - Environmental management system;CDP - Carbon disclosure project,"Office areas, what can we do more so colleagues in the office work more sustainable?
Making a small A4 paper that we can put in the frames on toilets and a presentation on the TV's including small actions people can do immediately like:
- putting out monitors after work day
- print as less (colored/1-sided) paper as possible
- not letting mails sent to our general info mail address but directly to the group mail of a team (so Office doesn't have to forward mails)
- inform about how to take the stairs from the parking garage in Den Bosch to our office (from tower B taking stairs to the central hall and then take the stairs in tower A to 1st or 3rd floor in Den Bosch to discourage taking the elevator ;-)
etc.",Nice job Florian!!!!
57,3/19/2026 19:10,3/19/2026 19:12,anonymous,English (United States)?,Employee (#peopleofdelaware),,Senior Consultant,delaware Belux,Very important,Very committed,"Health & wellbeing;Education;Diversity, equity & inclusion;Climate action;Clean energy;Partnerships for sustainability",Very good,Excellent,Very good,Good,Very good,Good,Reduction of greenhouse gas emissions in business travel;Community outreach programs,,ISO14001 - Environmental management system;ISO26000 - Social responsibility,,
58,3/20/2026 4:51,3/20/2026 4:54,anonymous,English (United States)?,Employee (#peopleofdelaware),,Senior Consultant,delaware Belux,Somewhat important,Somewhat committed,"Health & wellbeing;Education;Diversity, equity & inclusion;Partnerships for sustainability",Good,Fair,Fair,Good,Very good,Good,Community outreach programs;Shift to renewable energies;Innovative sustainable IT solutions;Reduction of greenhouse gas emissions in business travel,,ISO14001 - Environmental management system;ISO26000 - Social responsibility,,
59,3/20/2026 10:52,3/20/2026 10:56,anonymous,English (United States)?,Employee (#peopleofdelaware),,Scheduler/Resource management,delaware Belux,Somewhat important,Neutral,"Health & wellbeing;Climate action;Diversity, equity & inclusion",Fair,Very good,Good,Very good,Good,Good,Reduction of greenhouse gas emissions in business travel;Shift to renewable energies;Innovative sustainable IT solutions,,ISO14001 - Environmental management system;SBTi - Science based 1.5°C target;CDP - Carbon disclosure project,,
60,3/20/2026 11:29,3/20/2026 11:34,anonymous,English (United States)?,Employee (#peopleofdelaware),,Functional Consultant,delaware Belux,Very important,Very committed,Health & wellbeing;Clean energy;Climate action,Good,Very good,Good,Fair,Good,Good,Community outreach programs;Shift to renewable energies;Employee sustainability trainings,,ISO14001 - Environmental management system;ISO26000 - Social responsibility,,
61,3/20/2026 11:29,3/20/2026 11:34,anonymous,English (United States)?,Employee (#peopleofdelaware),,partner,delaware Belux,Very important,Somewhat committed,"Health & wellbeing;Education;Diversity, equity & inclusion;Climate action;Clean energy;Partnerships for sustainability",Fair,Good,Fair,Very good,Fair,Good,Innovative sustainable IT solutions;Awareness campaigns on diversity and inclusion;Employee sustainability trainings;Reduction of greenhouse gas emissions in business travel,More women at the top of our organization,ISO26000 - Social responsibility;ISO14001 - Environmental management system,,
62,3/20/2026 11:36,3/20/2026 11:40,anonymous,English (United States)?,Employee (#peopleofdelaware),,Lead Expert,delaware Belux,Very important,Very committed,Health & wellbeing;Climate action;Clean energy,Good,Very good,Very good,Good,Good,Good,Reduction of greenhouse gas emissions in business travel;Community outreach programs;Innovative sustainable IT solutions;Shift to renewable energies;Employee sustainability trainings,Offer in person trainings for peopleofdelaware on sustainability and how small things matter.,ISO14001 - Environmental management system;CDP - Carbon disclosure project,,
63,3/20/2026 15:28,3/20/2026 15:30,anonymous,English (United States)?,Employee (#peopleofdelaware),,Functional SAP consultant,delaware Belux,Somewhat important,Somewhat committed,Health & wellbeing;Climate action;Clean energy,Good,Very good,Very good,Very good,Very good,Good,Reduction of greenhouse gas emissions in business travel;Innovative sustainable IT solutions,,CDP - Carbon disclosure project;ISO14001 - Environmental management system,,
64,3/20/2026 16:24,3/20/2026 16:28,anonymous,Nederlands,Employee (#peopleofdelaware),,Senior Consultant,delaware Belux,Very important,Somewhat committed,Climate action;Health & wellbeing,Good,Excellent,Excellent,Very good,Very good,Excellent,Reduction of greenhouse gas emissions in business travel;Innovative sustainable IT solutions;Shift to renewable energies,,ISO14001 - Environmental management system,,
65,3/22/2026 13:31,3/22/2026 13:35,anonymous,English (United States)?,Employee (#peopleofdelaware),,Senior Manager,delaware Belux,Somewhat important,Somewhat committed,"Clean energy;Health & wellbeing;Education;Diversity, equity & inclusion;Climate action",Fair,Very good,Good,Good,Good,Good,Innovative sustainable IT solutions;Shift to renewable energies,,ISO14001 - Environmental management system;CDP - Carbon disclosure project,,
66,3/23/2026 10:16,3/23/2026 10:31,anonymous,English (United States)?,Employee (#peopleofdelaware),,Consultant - AI engineer,delaware Belux,Somewhat important,Somewhat committed,Education;Climate action;Clean energy;Partnerships for sustainability,Good,Good,Very good,Good,Fair,I don’t have enough information to answer,Shift to renewable energies;Reduction of greenhouse gas emissions in business travel,"all consultants get a mandotory car even if it's possible for them to come by bike or public transport, would it be a good idea to have a certain amount of cars ready for people to use to go to clients, etc and and allow people that choose for this to use their mobility budget not on a mandatory car but on public transport or loan or ...",ISO14001 - Environmental management system;SBTi - Science based 1.5°C target;B Corp certification;Ecovadis rating,,
67,3/23/2026 11:02,3/23/2026 11:05,anonymous,English (United States)?,Employee (#peopleofdelaware),,Consultant,delaware Belux,Neutral,Very committed,"Education;Health & wellbeing;Diversity, equity & inclusion",Good,Excellent,Very good,Very good,Good,Good,Innovative sustainable IT solutions;Awareness campaigns on diversity and inclusion;Employee sustainability trainings;Community outreach programs,,ISO14001 - Environmental management system;SBTi - Science based 1.5°C target;CDP - Carbon disclosure project,,
68,3/23/2026 11:05,3/23/2026 11:09,anonymous,English (United States)?,Employee (#peopleofdelaware),,SAP Public Cloud Consultant,delaware Belux,Somewhat important,Somewhat committed,"Health & wellbeing;Climate action;Clean energy;Partnerships for sustainability;Diversity, equity & inclusion;Education",Very good,Very good,Good,Good,Fair,Average,Reduction of greenhouse gas emissions in business travel;Community outreach programs;Innovative sustainable IT solutions;Shift to renewable energies;Employee sustainability trainings,Create more awareness within the delaware offices. Inform employees how they can contribute.,ISO14001 - Environmental management system,,
69,3/23/2026 11:12,3/23/2026 11:15,anonymous,Français (France),Employee (#peopleofdelaware),,CSR Project Manager,delaware France,Very important,Not committed,"Climate action;Diversity, equity & inclusion;Health & wellbeing",Poor,Fair,Good,Good,Poor,Poor,Innovative sustainable IT solutions;Reduction of greenhouse gas emissions in business travel;Shift to renewable energies;Awareness campaigns on diversity and inclusion;Employee sustainability trainings,,ISO14001 - Environmental management system;SBTi - Science based 1.5°C target;Ecovadis rating;CDP - Carbon disclosure project;B Corp certification;ISO26000 - Social responsibility,,
70,3/23/2026 11:13,3/23/2026 11:21,anonymous,Français (France),Employee (#peopleofdelaware),,CSR project officer,delaware France,Very important,Neutral,"Diversity, equity & inclusion;Climate action",Fair,Good,Very good,Good,Good,Average,Awareness campaigns on diversity and inclusion;Reduction of greenhouse gas emissions in business travel,,ISO14001 - Environmental management system;ISO26000 - Social responsibility;B Corp certification;Ecovadis rating,,
71,3/23/2026 11:30,3/23/2026 11:32,anonymous,English (United States)?,Employee (#peopleofdelaware),,Senior consultant - SAP authorizations,delaware Belux,Somewhat important,Somewhat committed,"Clean energy;Diversity, equity & inclusion;Education;Health & wellbeing;Climate action",Fair,Good,Fair,Fair,Fair,Average,Reduction of greenhouse gas emissions in business travel;Shift to renewable energies;Awareness campaigns on diversity and inclusion;Employee sustainability trainings,,ISO26000 - Social responsibility,,
72,3/23/2026 13:56,3/23/2026 14:02,anonymous,Français (France),Employee (#peopleofdelaware),,Gestionnaire RH paie,delaware France,Somewhat important,Neutral,"Education;Diversity, equity & inclusion;Climate action",Good,Good,Very good,Good,Good,Good,Reduction of greenhouse gas emissions in business travel;Shift to renewable energies,,Société ŕ mission (specific to French market);ISO14001 - Environmental management system,,
73,3/23/2026 14:12,3/23/2026 14:16,anonymous,Français (France),Employee (#peopleofdelaware),,HR,delaware France,Somewhat important,Somewhat committed,Health & wellbeing;Education;Climate action,Good,Good,Fair,Fair,Fair,I don’t have enough information to answer,Innovative sustainable IT solutions;Employee sustainability trainings,,ISO14001 - Environmental management system;CDP - Carbon disclosure project;Société ŕ mission (specific to French market),,
74,3/23/2026 14:17,3/23/2026 14:19,anonymous,Français (France),Employee (#peopleofdelaware),,Team lead,delaware France,Somewhat important,Neutral,Health & wellbeing;Education;Climate action,Good,Good,Good,Fair,Fair,Average,Awareness campaigns on diversity and inclusion;Reduction of greenhouse gas emissions in business travel,,ISO26000 - Social responsibility;ISO14001 - Environmental management system;Ecovadis rating;Société ŕ mission (specific to French market),,
75,3/23/2026 14:15,3/23/2026 14:51,anonymous,Français (France),Employee (#peopleofdelaware),,Recruitment consultant,delaware France,Somewhat important,Neutral,"Diversity, equity & inclusion;Health & wellbeing",Good,Fair,Good,Fair,Fair,I don’t have enough information to answer,Reduction of greenhouse gas emissions in business travel;Awareness campaigns on diversity and inclusion,I can only encourage further action on diversity and inclusion.,I don’t know enough to form an opinion,,
76,3/23/2026 14:44,3/23/2026 15:35,anonymous,Français (France),Employee (#peopleofdelaware),,HR,delaware France,Somewhat important,Very committed,"Health & wellbeing;Education;Diversity, equity & inclusion;Climate action;Clean energy;Partnerships for sustainability",Excellent,Excellent,Excellent,Excellent,Excellent,Good,Innovative sustainable IT solutions;,,ISO26000 - Social responsibility;ISO14001 - Environmental management system,,
77,3/23/2026 15:18,3/23/2026 15:36,anonymous,English (United States)?,Employee (#peopleofdelaware),,Lead Expert,delaware Belux,Very important,Somewhat committed,Clean energy;Climate action;Health & wellbeing,Very good,Good,Good,Very good,Very good,Good,Reduction of greenhouse gas emissions in business travel;Innovative sustainable IT solutions;Awareness campaigns on diversity and inclusion;Employee sustainability trainings,,ISO14001 - Environmental management system;SBTi - Science based 1.5°C target;Ecovadis rating;CDP - Carbon disclosure project,,
78,3/23/2026 15:03,3/23/2026 20:23,anonymous,Français (France),Employee (#peopleofdelaware),,Responsable développement RH,delaware France,Very important,Somewhat committed,Clean energy;Climate action,Fair,Good,Good,Fair,Fair,Fair,Reduction of greenhouse gas emissions in business travel;Shift to renewable energies;Employee sustainability trainings,,ISO14001 - Environmental management system;Ecovadis rating;ISO26000 - Social responsibility,,
79,3/24/2026 11:57,3/24/2026 11:59,anonymous,English (United States)?,Employee (#peopleofdelaware),,Service Delivery Manager,delaware Belux,Very important,Very committed,"Health & wellbeing;Education;Climate action;Diversity, equity & inclusion;Clean energy;Partnerships for sustainability",Very good,Excellent,Excellent,Excellent,Excellent,I don’t have enough information to answer,Innovative sustainable IT solutions;Shift to renewable energies;Reduction of greenhouse gas emissions in business travel,,ISO14001 - Environmental management system;ISO26000 - Social responsibility;SBTi - Science based 1.5°C target;CDP - Carbon disclosure project,,
80,3/24/2026 13:29,3/24/2026 13:32,anonymous,English (United States)?,Employee (#peopleofdelaware),,Intern,delaware Belux,Somewhat important,Very committed,Health & wellbeing;Clean energy;Partnerships for sustainability,Very good,Good,Very good,Very good,Good,Good,Awareness campaigns on diversity and inclusion,More diversity in the company,ISO14001 - Environmental management system,,
81,3/24/2026 20:57,3/24/2026 21:07,anonymous,English (United States)?,Employee (#peopleofdelaware),,GTM lead,delaware Belux,Very important,Somewhat committed,"Partnerships for sustainability;Clean energy;Climate action;Diversity, equity & inclusion;Education;Health & wellbeing",Good,Fair,Good,Good,Fair,Good,Innovative sustainable IT solutions;Other initiatives on diversity and inclusion,Start from sense of urgency > bimonthly sustainability challenge brainstorm per country to find an actionable solution for a challenge (> challenges can be prioritized by the sustainability team),SBTi - Science based 1.5°C target;ISO14001 - Environmental management system,,
82,3/25/2026 15:02,3/25/2026 15:12,anonymous,English (United States)?,Employee (#peopleofdelaware),,Technical consultant D365CE team (Microsoft CRM),delaware Belux,Very important,Very committed,"Climate action;Education;Diversity, equity & inclusion;Health & wellbeing;Clean energy;Partnerships for sustainability",Very good,Good,Very good,Very good,Excellent,I don’t have enough information to answer,Awareness campaigns on diversity and inclusion;Community outreach programs,"One idea to make the company more sustainable is to invest more in inclusive communication and cultural awareness. A respectful and psychologically safe work environment helps build long-term employee well-being, retention, and collaboration. Small remarks or jokes may sometimes be made without harmful intent, but they can still affect how included colleagues from different cultural backgrounds feel. Raising awareness around this could help create a more supportive and sustainable workplace for everyone.",ISO14001 - Environmental management system,,Thanks for all the efforts being put into make the world a better place. Keep it up!
83,3/25/2026 20:54,3/25/2026 20:56,anonymous,English (United States)?,Employee (#peopleofdelaware),,Consultant,delaware The Netherlands,Neutral,Very committed,"Health & wellbeing;Diversity, equity & inclusion;Climate action",Excellent,Good,Excellent,Excellent,Excellent,Excellent,Awareness campaigns on diversity and inclusion;Community outreach programs,,ISO26000 - Social responsibility,,
84,3/26/2026 10:33,3/26/2026 10:36,anonymous,Nederlands,Employee (#peopleofdelaware),,Senior Consultant,delaware Belux,Somewhat important,Somewhat committed,Climate action;Education;Health & wellbeing;Clean energy;Partnerships for sustainability,Good,Good,Good,Very good,Fair,Good,Shift to renewable energies;Employee sustainability trainings;Innovative sustainable IT solutions,,ISO14001 - Environmental management system;SBTi - Science based 1.5°C target;CDP - Carbon disclosure project,,
85,3/26/2026 14:06,3/26/2026 14:12,anonymous,English (United States)?,Employee (#peopleofdelaware),,Experienced Manager,delaware Belux,Very important,Very committed,"Climate action;Clean energy;Health & wellbeing;Diversity, equity & inclusion",Very good,Very good,Good,Good,Very good,Good,Reduction of greenhouse gas emissions in business travel;Innovative sustainable IT solutions;Shift to renewable energies,,ISO14001 - Environmental management system,,
86,3/26/2026 16:57,3/26/2026 17:00,anonymous,English (United States)?,Employee (#peopleofdelaware),,Senior Consultant,delaware Belux,Very important,Somewhat committed,Climate action;Clean energy;Partnerships for sustainability,Poor,Poor,Good,Fair,Fair,Good,Employee sustainability trainings;Reduction of greenhouse gas emissions in business travel,,ISO14001 - Environmental management system,,
87,3/27/2026 10:13,3/27/2026 10:49,anonymous,English (United States)?,Employee (#peopleofdelaware),,Consultant,delaware Belux,Somewhat important,Somewhat committed,"Health & wellbeing;Education;Diversity, equity & inclusion;Climate action;Clean energy;Partnerships for sustainability",Good,Good,Good,Good,Good,Average,Employee sustainability trainings;Community outreach programs;Reduction of greenhouse gas emissions in business travel,/,ISO14001 - Environmental management system;ISO26000 - Social responsibility,,
88,3/29/2026 10:53,3/29/2026 11:08,anonymous,English (United States)?,Employee (#peopleofdelaware),,Lead Expert,delaware Belux,Very important,Somewhat committed,Health & wellbeing;Climate action;Clean energy,Good,Excellent,Very good,Very good,Very good,Good,Innovative sustainable IT solutions;,Responsible use of AI: Consider the impact on energy consumption when asking questions to AI,ISO14001 - Environmental management system,"Improving nature by foresting, ""ontharden"", helping nature, ...",
89,3/29/2026 16:36,3/29/2026 16:42,anonymous,Nederlands,Employee (#peopleofdelaware),,partner,delaware Belux,Very important,Very committed,"Clean energy;Diversity, equity & inclusion",Good,Fair,Good,Very good,Very good,Good,Shift to renewable energies;Awareness campaigns on diversity and inclusion;Employee sustainability trainings,awareness of employees that we already are serving quite a few customers that have this high on the agenda,ISO14001 - Environmental management system;Ecovadis rating,,"would be interesting to compile a global list of customers of ours that we serve already in the space of sustainability, to show that this is also an active and conscious choice. (eg renewable energy players we have in our portfolio in Belux like JeraNexBP, Renner Energies, Perpetum,... or JV we have on water leak detection Hydroware). For more on this customer portfolio don't hesitate to contact our Industry lead in Belgium: Dries Storme."
90,3/30/2026 9:27,3/30/2026 9:29,anonymous,English (United States)?,Employee (#peopleofdelaware),,Lead Expert,delaware Belux,Somewhat important,Not committed,Clean energy;Climate action;Education,Poor,Fair,Fair,Poor,Poor,Average,Reduction of greenhouse gas emissions in business travel;Shift to renewable energies;Innovative sustainable IT solutions,"Solar panels to ""fuel"" our offices",SBTi - Science based 1.5°C target;CDP - Carbon disclosure project,,
91,3/30/2026 9:57,3/30/2026 10:00,anonymous,English (United States)?,Employee (#peopleofdelaware),,Consultant,delaware Belux,Somewhat important,,Health & wellbeing;Education,,,,,,I don’t have enough information to answer,Innovative sustainable IT solutions;Employee sustainability trainings,,ISO26000 - Social responsibility,,
92,3/30/2026 10:18,3/30/2026 10:20,anonymous,English (United States)?,Employee (#peopleofdelaware),,Senior Consultant,delaware Belux,Very important,Very committed,Health & wellbeing;Education;Climate action;Clean energy,Very good,Very good,Very good,Very good,Very good,Good,Innovative sustainable IT solutions;,,ISO14001 - Environmental management system,,
93,3/30/2026 15:32,3/30/2026 15:37,anonymous,English (United States)?,Employee (#peopleofdelaware),,Manager,delaware Belux,Somewhat important,Somewhat committed,"Diversity, equity & inclusion;Climate action;Health & wellbeing",Good,Very good,Very good,Good,Good,Good,Reduction of greenhouse gas emissions in business travel;Shift to renewable energies;Employee sustainability trainings,,ISO14001 - Environmental management system;SBTi - Science based 1.5°C target,,
94,3/30/2026 16:48,3/30/2026 16:50,anonymous,English (United States)?,Employee (#peopleofdelaware),,Lead Expert,delaware Belux,Somewhat important,Somewhat committed,Health & wellbeing;Climate action;Clean energy;Partnerships for sustainability;,Good,Very good,Very good,Very good,Very good,Good,Innovative sustainable IT solutions;Shift to renewable energies,,ISO14001 - Environmental management system;B Corp certification,,
95,3/30/2026 16:54,3/30/2026 16:56,anonymous,English (United States)?,Employee (#peopleofdelaware),,Consultant,delaware Belux,Somewhat important,Neutral,"Climate action;Diversity, equity & inclusion;Health & wellbeing",Fair,Fair,Fair,Fair,Fair,I don’t have enough information to answer,Reduction of greenhouse gas emissions in business travel;Innovative sustainable IT solutions,,ISO14001 - Environmental management system;ISO26000 - Social responsibility;SBTi - Science based 1.5°C target,,
96,3/30/2026 17:19,3/30/2026 17:34,anonymous,English (United States)?,Employee (#peopleofdelaware),,Consultant,delaware Belux,Somewhat important,Very committed,Education;Clean energy;Health & wellbeing,Very good,Very good,Excellent,Excellent,Excellent,Good,Community outreach programs;Employee sustainability trainings,,CDP - Carbon disclosure project,"Education, sustainble energy, ISO14001 - Environmental management system","For delaware entities that offer vehicles to employees, whenever there are work events - offer perks (could be fun, not necessarily monetary, or monetray in the form of coupons, meal voucher bonuses - something like) for carpooling initiatives or organise public transport services by collaborating with public transport insititutions."
97,3/31/2026 10:29,3/31/2026 10:33,anonymous,Nederlands,Employee (#peopleofdelaware),,Senior Consultant,delaware Belux,Very important,Somewhat committed,Health & wellbeing;Climate action;Clean energy;Partnerships for sustainability;,Good,Very good,Very good,Very good,Very good,Good,Innovative sustainable IT solutions;Shift to renewable energies;Employee sustainability trainings,/,ISO14001 - Environmental management system,,
98,3/31/2026 22:49,3/31/2026 22:51,anonymous,English (United States)?,Employee (#peopleofdelaware),,senoir consultant,delaware Belux,Somewhat important,Neutral,Health & wellbeing;Clean energy,,,,,,I don’t have enough information to answer,Shift to renewable energies;Innovative sustainable IT solutions,,ISO14001 - Environmental management system,,
99,4/1/2026 9:23,4/1/2026 9:24,anonymous,English (United States)?,Employee (#peopleofdelaware),,Manager,delaware Belux,Somewhat important,Very committed,Health & wellbeing;Education;Climate action,Very good,Very good,Very good,Very good,Very good,Good,Shift to renewable energies,,ISO14001 - Environmental management system,,
100,4/1/2026 9:29,4/1/2026 9:31,anonymous,English (United States)?,Employee (#peopleofdelaware),,OCIO,delaware Consulting International,Somewhat important,Very committed,Clean energy;Health & wellbeing,Good,Very good,Excellent,Very good,Very good,Good,Innovative sustainable IT solutions;Shift to renewable energies,,ISO14001 - Environmental management system,,
101,4/1/2026 9:44,4/1/2026 9:47,anonymous,English (United States)?,Employee (#peopleofdelaware),,Business Development,delaware Belux,Somewhat important,Somewhat committed,Health & wellbeing;Education;Climate action;Clean energy;Partnerships for sustainability,Very good,Excellent,Very good,Excellent,Very good,Good,Shift to renewable energies;Employee sustainability trainings;Community outreach programs,,ISO14001 - Environmental management system;ISO26000 - Social responsibility;SBTi - Science based 1.5°C target;B Corp certification,,
102,4/1/2026 9:53,4/1/2026 9:55,anonymous,English (United States)?,Employee (#peopleofdelaware),,Lead Expert,delaware Belux,Somewhat important,Very committed,Clean energy;Climate action;Health & wellbeing;Education,Excellent,Excellent,Excellent,Excellent,Excellent,Excellent,Reduction of greenhouse gas emissions in business travel;Innovative sustainable IT solutions;Shift to renewable energies,,ISO14001 - Environmental management system,,
103,4/1/2026 9:57,4/1/2026 9:59,anonymous,English (United States)?,Employee (#peopleofdelaware),,Lead Expert,delaware Belux,Somewhat important,Somewhat committed,Health & wellbeing;Education;Partnerships for sustainability,Good,Good,Very good,Very good,Very good,Good,Employee sustainability trainings;Innovative sustainable IT solutions;Reduction of greenhouse gas emissions in business travel,,ISO14001 - Environmental management system;CDP - Carbon disclosure project;B Corp certification,,
104,4/1/2026 9:58,4/1/2026 10:01,anonymous,English (United States)?,Employee (#peopleofdelaware),,Lead Expert,delaware Belux,Very important,Somewhat committed,Health & wellbeing;Climate action;Clean energy,Very good,Very good,Very good,Very good,Very good,Good,Reduction of greenhouse gas emissions in business travel;Innovative sustainable IT solutions;Shift to renewable energies,Keep an eye on our energy-consumption due to the AI-disruption which is currently happening.,ISO14001 - Environmental management system,,
105,4/1/2026 10:01,4/1/2026 10:04,anonymous,English (United States)?,Employee (#peopleofdelaware),,Service Delivery Manager,delaware Belux,Neutral,Very committed,Health & wellbeing;Clean energy;Partnerships for sustainability,Excellent,Excellent,Very good,Very good,Excellent,Excellent,Innovative sustainable IT solutions;,,ISO14001 - Environmental management system;CDP - Carbon disclosure project,,
106,4/1/2026 10:04,4/1/2026 10:06,anonymous,Nederlands,Employee (#peopleofdelaware),,Consultant,delaware Belux,Somewhat important,Very committed,Health & wellbeing;Education,Very good,Very good,Very good,Very good,Very good,Good,Shift to renewable energies;Innovative sustainable IT solutions,,ISO14001 - Environmental management system,,
107,4/1/2026 10:09,4/1/2026 10:14,anonymous,English (United States)?,Employee (#peopleofdelaware),,Manager,delaware Belux,Very important,Very committed,Health & wellbeing;Climate action;Clean energy;Education,Excellent,Excellent,Excellent,Excellent,Excellent,Excellent,Innovative sustainable IT solutions;Employee sustainability trainings,,ISO14001 - Environmental management system;CDP - Carbon disclosure project;ISO26000 - Social responsibility,,
108,4/1/2026 10:15,4/1/2026 10:17,anonymous,English (United States)?,Employee (#peopleofdelaware),,Manager,delaware Belux,Somewhat important,Somewhat committed,Education;Clean energy;Health & wellbeing,,,,,,Good,Innovative sustainable IT solutions;Employee sustainability trainings,,ISO14001 - Environmental management system,,
109,4/1/2026 9:58,4/1/2026 10:18,anonymous,English (United States)?,Employee (#peopleofdelaware),,partner,delaware Belux,Very important,Somewhat committed,"Health & wellbeing;Education;Diversity, equity & inclusion;Climate action;Clean energy;Partnerships for sustainability",Good,Very good,Very good,Very good,Very good,Good,Reduction of greenhouse gas emissions in business travel;Community outreach programs;Innovative sustainable IT solutions,"Today, many of us are experimenting with AI in similar ways. We should accelerate the development of shared AI agents that can be reused across teams, so we can scale knowledge better, avoid duplication, and create greater impact faster. This would also have a positive effect on datacenter usage and therefore on the environment, because it would allow us to use AI more efficiently and less fragmented.",ISO14001 - Environmental management system;Ecovadis rating,Ecovadis rating,"delaware should be careful not to apply a classical sustainability model to a business that is not classical in nature.
We are a consulting company focused on digital transformation, not a manufacturing or asset-heavy organization.
Our core activity is delivering services for and with clients, often within their own systems, processes, and working models.
That means our sustainability approach must reflect the reality of client-driven delivery.
At the same time, our business model allows a high degree of remote work.
Physical presence should therefore be used with purpose: for client value, collaboration, team bonding, training, and development.
Our biggest levers are not factories or supply chains, but mobility, hybrid work, digital infrastructure, cloud usage, and AI efficiency.
So the goal should not be to copy a standard framework, but to design one that fits who we are.
A relevant and credible approach will be more effective than a generic one.
In short, our sustainability strategy should be tailored to our business model, our people, and the reality of our client work."
110,4/1/2026 10:22,4/1/2026 10:27,anonymous,Nederlands,Employee (#peopleofdelaware),,Senior Consultant,delaware Belux,Very important,,Health & wellbeing;Education;Climate action;Clean energy,,,,,,I don’t have enough information to answer,Reduction of greenhouse gas emissions in business travel;Innovative sustainable IT solutions;Shift to renewable energies,,ISO14001 - Environmental management system;ISO26000 - Social responsibility;SBTi - Science based 1.5°C target,,
111,4/1/2026 10:32,4/1/2026 10:34,anonymous,English (United States)?,Employee (#peopleofdelaware),,Senior Consultant,delaware Belux,Somewhat important,Very committed,"Health & wellbeing;Diversity, equity & inclusion;Education;Climate action;Clean energy;Partnerships for sustainability",Very good,Excellent,Very good,Very good,Good,Good,Innovative sustainable IT solutions;Awareness campaigns on diversity and inclusion,,ISO14001 - Environmental management system;CDP - Carbon disclosure project,,
112,4/1/2026 10:31,4/1/2026 10:35,anonymous,English (United States)?,Employee (#peopleofdelaware),,Lead Expert,delaware Belux,Very important,Neutral,"Climate action;Clean energy;Health & wellbeing;Education;Diversity, equity & inclusion",Fair,Very good,Good,Good,Fair,Good,Innovative sustainable IT solutions;Shift to renewable energies;Community outreach programs,,SBTi - Science based 1.5°C target;ISO14001 - Environmental management system;ISO26000 - Social responsibility,,
113,4/1/2026 10:34,4/1/2026 10:36,anonymous,English (United States)?,Customer,,Consultant,delaware Belux,Very important,Somewhat committed,"Diversity, equity & inclusion;Climate action;Clean energy",Good,Very good,Very good,Very good,Very good,Good,Innovative sustainable IT solutions;Shift to renewable energies,,ISO14001 - Environmental management system;ISO26000 - Social responsibility;CDP - Carbon disclosure project,,
114,4/1/2026 10:53,4/1/2026 10:54,anonymous,English (United States)?,Employee (#peopleofdelaware),,Manager,delaware Consulting International,Very important,Somewhat committed,"Education;Diversity, equity & inclusion;Climate action;Clean energy;Partnerships for sustainability;Health & wellbeing",Good,Good,Good,Good,Good,Good,Awareness campaigns on diversity and inclusion,,ISO14001 - Environmental management system,,
115,4/1/2026 11:00,4/1/2026 11:02,anonymous,English (United States)?,Employee (#peopleofdelaware),,DI Finance Support,delaware Consulting International,Somewhat important,Very committed,Climate action;Clean energy;Partnerships for sustainability,Very good,Excellent,Good,Excellent,Good,Good,Shift to renewable energies;Community outreach programs,,ISO14001 - Environmental management system,,
116,4/1/2026 11:00,4/1/2026 11:04,anonymous,English (United States)?,Employee (#peopleofdelaware),,Senior Consultant,delaware Belux,Somewhat important,Somewhat committed,Health & wellbeing;Education;Clean energy,Good,Very good,Very good,Excellent,Excellent,Good,Innovative sustainable IT solutions;Shift to renewable energies;Employee sustainability trainings,"Good use of energy: in meeting rooms I see very often lights/TV's still on when no-one is there anymore, so I switch them off. Would be good to auto switch off when people leave the room",ISO14001 - Environmental management system;CDP - Carbon disclosure project;Ecovadis rating;,"Maybe, depending on the possible project(parts)",Nice presentation material!
117,4/1/2026 11:17,4/1/2026 11:19,anonymous,English (United States)?,Employee (#peopleofdelaware),,Manager,delaware Belux,Very important,Somewhat committed,Health & wellbeing;Climate action;Clean energy,Very good,Very good,Very good,Very good,Very good,Good,Innovative sustainable IT solutions;Shift to renewable energies,,ISO14001 - Environmental management system,,
118,4/1/2026 11:20,4/1/2026 11:22,anonymous,English (United States)?,Employee (#peopleofdelaware),,Sales Support,delaware Belux,Somewhat important,Somewhat committed,"Health & wellbeing;Diversity, equity & inclusion;Climate action;Clean energy",Fair,Excellent,Excellent,Very good,Good,Good,Reduction of greenhouse gas emissions in business travel;Innovative sustainable IT solutions;Awareness campaigns on diversity and inclusion;Employee sustainability trainings,,ISO14001 - Environmental management system,,
119,4/1/2026 11:07,4/1/2026 11:26,anonymous,English (United States)?,Employee (#peopleofdelaware),,Service Delivery Manager,delaware Belux,Very important,Somewhat committed,"Health & wellbeing;Education;Climate action;Clean energy;Diversity, equity & inclusion",Very good,Very good,Very good,Very good,Very good,Good,Reduction of greenhouse gas emissions in business travel;Community outreach programs;Innovative sustainable IT solutions;Shift to renewable energies;Awareness campaigns on diversity and inclusion;Employee sustainability trainings,Be consistent. E.g. don't promote cycles but penalize the ones who choosed the bicycles by moving the offices 20 km further.,ISO14001 - Environmental management system;ISO26000 - Social responsibility;B Corp certification;Ecovadis rating,Yes. Any.,All the best Florian!
120,4/1/2026 11:57,4/1/2026 12:01,anonymous,English (United States)?,Employee (#peopleofdelaware),,Senior Consultant,delaware Belux,Very important,Very committed,Climate action;Clean energy,Very good,Excellent,Excellent,Very good,Good,Good,Reduction of greenhouse gas emissions in business travel;Innovative sustainable IT solutions;Shift to renewable energies,Promote carpooling,SBTi - Science based 1.5°C target,,
121,4/1/2026 12:08,4/1/2026 12:16,anonymous,English (United States)?,Employee (#peopleofdelaware),,Senior Consultant,delaware Belux,Very important,Somewhat committed,Climate action;Clean energy;Education;Health & wellbeing,Fair,Very good,Very good,Good,Good,I don’t have enough information to answer,Reduction of greenhouse gas emissions in business travel;Shift to renewable energies;Innovative sustainable IT solutions,Limit AI usage or make users more aware of how much energy a query or lovable vibecoding session is using (e.g. x amount of liters water),ISO14001 - Environmental management system;SBTi - Science based 1.5°C target;CDP - Carbon disclosure project,,
122,4/1/2026 12:23,4/1/2026 12:26,anonymous,English (United States)?,Employee (#peopleofdelaware),,Director SAP Business Applications,delaware Belux,Somewhat important,Somewhat committed,"Diversity, equity & inclusion;Climate action",Good,Good,Good,Good,Good,Good,Innovative sustainable IT solutions;Awareness campaigns on diversity and inclusion,,ISO14001 - Environmental management system,,
123,4/1/2026 12:43,4/1/2026 12:46,anonymous,English (United States)?,Employee (#peopleofdelaware),,partner,delaware Belux,Very important,Somewhat committed,"Health & wellbeing;Education;Diversity, equity & inclusion;Climate action;Clean energy;Partnerships for sustainability",Fair,Good,Fair,Very good,Good,Good,Reduction of greenhouse gas emissions in business travel;Innovative sustainable IT solutions;Awareness campaigns on diversity and inclusion;Employee sustainability trainings;Shift to renewable energies,reporting on our personal footprint,ISO14001 - Environmental management system,,
124,4/1/2026 13:10,4/1/2026 13:12,anonymous,English (United States)?,Employee (#peopleofdelaware),,Team lead,delaware Belux,Very important,Somewhat committed,Climate action;Clean energy;Partnerships for sustainability,Good,Good,Very good,Excellent,Very good,Good,Shift to renewable energies;Reduction of greenhouse gas emissions in business travel;Food waste: sandwiches in office,Check for which food is being ordered on team events etc,no clue,,
125,4/1/2026 13:20,4/1/2026 13:22,anonymous,English (United States)?,Employee (#peopleofdelaware),,Senior Consultant,delaware Belux,Somewhat important,Somewhat committed,"Diversity, equity & inclusion;Climate action;Clean energy;Partnerships for sustainability;Education;Health & wellbeing",Good,Very good,Very good,Good,Fair,Good,Innovative sustainable IT solutions;Employee sustainability trainings;Reduction of greenhouse gas emissions in business travel,,ISO14001 - Environmental management system;CDP - Carbon disclosure project,,
126,4/1/2026 13:36,4/1/2026 13:40,anonymous,English (United States)?,Employee (#peopleofdelaware),,Manager,delaware Belux,Very important,Somewhat committed,"Health & wellbeing;Climate action;Clean energy;Partnerships for sustainability;Diversity, equity & inclusion;Education",Very good,Good,Very good,Excellent,Good,Good,Reduction of greenhouse gas emissions in business travel;Innovative sustainable IT solutions;Awareness campaigns on diversity and inclusion,,ISO14001 - Environmental management system;ISO26000 - Social responsibility,Climate and forestry,
127,4/1/2026 14:08,4/1/2026 14:10,anonymous,English (United States)?,Employee (#peopleofdelaware),,Support,delaware Belux,Very important,Very committed,"Health & wellbeing;Education;Diversity, equity & inclusion;Climate action;Clean energy;Partnerships for sustainability",Very good,Excellent,Excellent,Excellent,Excellent,I don’t have enough information to answer,Reduction of greenhouse gas emissions in business travel;Community outreach programs;Innovative sustainable IT solutions;Shift to renewable energies;Awareness campaigns on diversity and inclusion,offering discounted or free tickets for public transportation on buses and trains,ISO14001 - Environmental management system;ISO26000 - Social responsibility,,
128,4/1/2026 14:46,4/1/2026 14:48,anonymous,English (United States)?,Employee (#peopleofdelaware),,Consultant,delaware Belux,Very important,Somewhat committed,Climate action;Partnerships for sustainability;Education,Very good,Excellent,Good,Excellent,Very good,Excellent,Reduction of greenhouse gas emissions in business travel;Employee sustainability trainings,,ISO14001 - Environmental management system;ISO26000 - Social responsibility;SBTi - Science based 1.5°C target;CDP - Carbon disclosure project;B Corp certification;Ecovadis rating;Société ŕ mission (specific to French market),,
129,4/1/2026 14:51,4/1/2026 14:53,anonymous,English (United States)?,Employee (#peopleofdelaware),,Senior Support,delaware Belux,Very important,Somewhat committed,"Climate action;Diversity, equity & inclusion;Health & wellbeing;Education;Clean energy;Partnerships for sustainability",Poor,Fair,Fair,Good,Fair,Average,Awareness campaigns on diversity and inclusion;Employee sustainability trainings;Reduction of greenhouse gas emissions in business travel;Innovative sustainable IT solutions,,ISO26000 - Social responsibility;Ecovadis rating;ISO14001 - Environmental management system,,
130,4/1/2026 16:21,4/1/2026 16:23,anonymous,English (United States)?,Employee (#peopleofdelaware),,Manager,delaware Belux,Very important,Very committed,"Diversity, equity & inclusion;Clean energy;Climate action;Health & wellbeing",Good,Very good,Very good,Good,Very good,Good,Shift to renewable energies;Awareness campaigns on diversity and inclusion,,ISO14001 - Environmental management system;ISO26000 - Social responsibility,,
131,4/1/2026 18:05,4/1/2026 18:13,anonymous,English (United States)?,Employee (#peopleofdelaware),,Support Manager,delaware Belux,Neutral,Somewhat committed,"Diversity, equity & inclusion;Education;Health & wellbeing;Climate action",Good,Fair,Good,Fair,Fair,Good,Awareness campaigns on diversity and inclusion;Employee sustainability trainings,,ISO14001 - Environmental management system;ISO26000 - Social responsibility,,
132,4/1/2026 20:46,4/1/2026 20:56,anonymous,English (United States)?,Employee (#peopleofdelaware),,Vertical owner,delaware The Netherlands,Very important,Somewhat committed,Climate action;Clean energy;Health & wellbeing,Good,Fair,Good,Good,Good,Average,Shift to renewable energies;Innovative sustainable IT solutions;Reduction of greenhouse gas emissions in business travel,organizaing small events where together with client we do something for the greater good. Like cleaning a park or making lunch packages for the homeless.,Ecovadis rating;ISO14001 - Environmental management system;ISO26000 - Social responsibility;B Corp certification,"Yes, how to embed sustainability in our go to market portfolio, help organizing an event,",
133,4/2/2026 7:46,4/2/2026 7:50,anonymous,English (United States)?,Employee (#peopleofdelaware),,Senior business analyst,delaware Belux,Very important,Very committed,"Health & wellbeing;Education;Diversity, equity & inclusion;Climate action;Clean energy;Partnerships for sustainability",Excellent,Excellent,Excellent,Excellent,Excellent,Excellent,Reduction of greenhouse gas emissions in business travel;Innovative sustainable IT solutions;Shift to renewable energies;Awareness campaigns on diversity and inclusion;Community outreach programs;Employee sustainability trainings,,ISO14001 - Environmental management system;ISO26000 - Social responsibility;SBTi - Science based 1.5°C target;CDP - Carbon disclosure project,,
134,4/2/2026 8:08,4/2/2026 8:10,anonymous,Nederlands,Employee (#peopleofdelaware),,Team lead,delaware Belux,Somewhat important,Somewhat committed,Clean energy;Health & wellbeing;Climate action,Fair,Good,Very good,Very good,Fair,Good,Innovative sustainable IT solutions;Shift to renewable energies,,ISO14001 - Environmental management system;ISO26000 - Social responsibility,,
135,4/2/2026 9:04,4/2/2026 9:06,anonymous,Nederlands,Employee (#peopleofdelaware),,Manager,delaware Belux,Somewhat important,Very committed,Climate action;Clean energy;Health & wellbeing,Good,Good,Very good,Good,Good,Good,Shift to renewable energies;Reduction of greenhouse gas emissions in business travel;Employee sustainability trainings,,ISO14001 - Environmental management system;ISO26000 - Social responsibility,,
136,4/2/2026 9:19,4/2/2026 9:21,anonymous,English (United States)?,Employee (#peopleofdelaware),,Director,delaware Belux,Somewhat important,Somewhat committed,Climate action;Clean energy,Fair,Good,Very good,Very good,Fair,Good,Community outreach programs;Shift to renewable energies,,ISO14001 - Environmental management system;CDP - Carbon disclosure project,,
137,4/2/2026 9:38,4/2/2026 9:41,anonymous,English (United States)?,Employee (#peopleofdelaware),,Senior Consultant,delaware Belux,Somewhat important,Very committed,Health & wellbeing;Education;Climate action;Clean energy,Good,Very good,Good,Good,Fair,Good,Innovative sustainable IT solutions;Shift to renewable energies;Reduction of greenhouse gas emissions in business travel,,ISO26000 - Social responsibility;ISO14001 - Environmental management system;Ecovadis rating,,
138,4/2/2026 9:54,4/2/2026 9:57,anonymous,English (United States)?,Employee (#peopleofdelaware),,Consultant,delaware Belux,Very important,Somewhat committed,Clean energy;Education;Health & wellbeing,Good,Good,Good,Good,Good,I don’t have enough information to answer,Innovative sustainable IT solutions;,,B Corp certification,,
139,4/2/2026 9:54,4/2/2026 9:58,anonymous,English (United States)?,Employee (#peopleofdelaware),,Support,delaware Belux,Somewhat important,Somewhat committed,Climate action;Clean energy,Fair,Excellent,Excellent,Fair,Excellent,Good,Shift to renewable energies;Reduction of greenhouse gas emissions in business travel,"Solar panels on office buildings, charging fees for company cars when loading too long, find ways to lower electricity use in office buildings",ISO14001 - Environmental management system;CDP - Carbon disclosure project,,
140,4/2/2026 10:10,4/2/2026 10:17,anonymous,English (United States)?,Employee (#peopleofdelaware),,Manager SAP Finance,delaware Belux,Somewhat important,Somewhat committed,Education;Health & wellbeing;Clean energy;Climate action,Good,Good,Good,Good,Good,Good,Innovative sustainable IT solutions;Employee sustainability trainings;Reduction of greenhouse gas emissions in business travel,"Educate people on waste triage, and on what really makes a difference in terms of environmental impact. E.g. manually switching lights off is important, but automating this with light sensors could generally reduce energy consumption more.",I have no opinion,,
141,4/2/2026 10:16,4/2/2026 10:21,anonymous,English (United States)?,Employee (#peopleofdelaware),,Manager support,delaware Belux,Somewhat important,Neutral,"Education;Diversity, equity & inclusion;Climate action;Health & wellbeing;Clean energy;Partnerships for sustainability",Fair,Poor,Good,Fair,Fair,Average,Reduction of greenhouse gas emissions in business travel;Innovative sustainable IT solutions;Shift to renewable energies;Awareness campaigns on diversity and inclusion,"AI first is the motto, but this results in using AI for every small question. So please adapt the motto: brain first, than AI. Use AI when it is more efficient, but not for every question",ISO26000 - Social responsibility;ISO14001 - Environmental management system,Inclusion,
142,4/2/2026 10:38,4/2/2026 10:41,anonymous,English (United States)?,Employee (#peopleofdelaware),,Lead Expert,delaware Belux,Very important,Somewhat committed,"Diversity, equity & inclusion;Climate action;Health & wellbeing;Clean energy",Fair,Very good,Very good,Fair,Good,Average,Innovative sustainable IT solutions;Shift to renewable energies,,ISO26000 - Social responsibility;SBTi - Science based 1.5°C target,,
143,4/2/2026 10:57,4/2/2026 10:59,anonymous,English (United States)?,Employee (#peopleofdelaware),,Manager,delaware Belux,Neutral,Somewhat committed,Education;Health & wellbeing;Clean energy,Good,Very good,Good,Good,Good,Good,Innovative sustainable IT solutions;Reduction of greenhouse gas emissions in business travel,,ISO14001 - Environmental management system;ISO26000 - Social responsibility,,
144,4/2/2026 13:54,4/2/2026 13:57,anonymous,English (United States)?,Employee (#peopleofdelaware),,Project manager - manager level,delaware Belux,Very important,Very committed,"Diversity, equity & inclusion;Clean energy;Partnerships for sustainability;Health & wellbeing;Education",Fair,Very good,Very good,Very good,Good,Average,Innovative sustainable IT solutions;Shift to renewable energies;Employee sustainability trainings;Awareness campaigns on diversity and inclusion,,ISO14001 - Environmental management system;ISO26000 - Social responsibility,,
145,4/2/2026 14:25,4/2/2026 14:27,anonymous,Nederlands,Employee (#peopleofdelaware),,Senior SAP Data & Ai Consultant,delaware Belux,Somewhat important,Somewhat committed,"Partnerships for sustainability;Clean energy;Climate action;Diversity, equity & inclusion",Good,Good,Good,Good,Good,Average,Awareness campaigns on diversity and inclusion;Community outreach programs,,SBTi - Science based 1.5°C target;ISO14001 - Environmental management system,,
146,4/2/2026 20:57,4/2/2026 21:00,anonymous,Nederlands,Employee (#peopleofdelaware),,Manager,delaware Belux,Very important,Somewhat committed,Health & wellbeing;Clean energy,Good,Very good,Good,Good,Good,Good,Innovative sustainable IT solutions;Shift to renewable energies,,ISO14001 - Environmental management system;ISO26000 - Social responsibility,,
147,4/3/2026 8:25,4/3/2026 8:29,anonymous,English (United States)?,Employee (#peopleofdelaware),,Technical Consultant,delaware Belux,Somewhat important,Somewhat committed,"Education;Health & wellbeing;Diversity, equity & inclusion;Climate action;Clean energy;Partnerships for sustainability",Good,Very good,Good,Good,Good,Excellent,Employee sustainability trainings;Reduction of greenhouse gas emissions in business travel;Innovative sustainable IT solutions,,ISO14001 - Environmental management system;SBTi - Science based 1.5°C target,,
148,4/3/2026 9:55,4/3/2026 9:57,anonymous,English (United States)?,Employee (#peopleofdelaware),,Senior Manager,delaware Belux,Very important,Somewhat committed,Education;Climate action;Clean energy,Fair,Good,Fair,Good,Good,I don’t have enough information to answer,Reduction of greenhouse gas emissions in business travel;Community outreach programs;Shift to renewable energies,,B Corp certification;ISO26000 - Social responsibility,,
149,4/3/2026 10:29,4/3/2026 10:31,anonymous,English (United States)?,Employee (#peopleofdelaware),,Senior Consultant,delaware Belux,Very important,Very committed,Health & wellbeing;Education;Clean energy,Good,Very good,Very good,Very good,Good,Good,Shift to renewable energies,,ISO14001 - Environmental management system,,
150,4/3/2026 10:57,4/3/2026 11:06,anonymous,English (United States)?,Employee (#peopleofdelaware),,Senior Consultant,delaware Belux,Somewhat important,Neutral,Clean energy;Education;Health & wellbeing;Climate action,,,,,,I don’t have enough information to answer,Innovative sustainable IT solutions;Reduction of greenhouse gas emissions in business travel;Shift to renewable energies,,B Corp certification;ISO14001 - Environmental management system;,,
151,4/3/2026 13:55,4/3/2026 13:58,anonymous,English (United States)?,Employee (#peopleofdelaware),,Service Delivery Manager,delaware Belux,Somewhat important,Somewhat committed,Clean energy;Health & wellbeing,Very good,Good,Good,Good,Good,Good,Shift to renewable energies;Employee sustainability trainings,,ISO14001 - Environmental management system,,
152,4/3/2026 14:27,4/3/2026 14:30,anonymous,English (United States)?,Employee (#peopleofdelaware),,Consultant,delaware Belux,Very important,Very committed,"Health & wellbeing;Diversity, equity & inclusion;Climate action;Clean energy",Good,Very good,Good,Good,Good,Good,Reduction of greenhouse gas emissions in business travel;Shift to renewable energies;Employee sustainability trainings,,ISO14001 - Environmental management system;ISO26000 - Social responsibility,,
153,4/3/2026 15:05,4/3/2026 15:06,anonymous,English (United States)?,Employee (#peopleofdelaware),,SAP Senior consultant,delaware Belux,Somewhat important,Somewhat committed,Climate action;Clean energy;Health & wellbeing,Good,Very good,Good,Good,Good,Good,Innovative sustainable IT solutions;,,ISO14001 - Environmental management system,,
154,4/3/2026 15:42,4/3/2026 15:50,anonymous,English (United States)?,Employee (#peopleofdelaware),,Consultant,delaware Belux,Somewhat important,Very committed,"Health & wellbeing;Clean energy;Diversity, equity & inclusion",Very good,Very good,Very good,Very good,Very good,Good,Awareness campaigns on diversity and inclusion;Shift to renewable energies;Innovative sustainable IT solutions,Make meeting virtual by default,ISO14001 - Environmental management system;Ecovadis rating,,
155,4/4/2026 19:53,4/4/2026 20:03,anonymous,English (United States)?,Employee (#peopleofdelaware),,Sales,delaware The Netherlands,Somewhat important,Very committed,"Health & wellbeing;Education;Climate action;Clean energy;Partnerships for sustainability;Diversity, equity & inclusion",Fair,Good,Good,Very good,Fair,Good,Innovative sustainable IT solutions;Community outreach programs;Shift to renewable energies;Employee sustainability trainings,,ISO14001 - Environmental management system;ISO26000 - Social responsibility;B Corp certification;Ecovadis rating;SBTi - Science based 1.5°C target,Yes,
156,4/6/2026 20:56,4/6/2026 20:59,anonymous,English (United States)?,Employee (#peopleofdelaware),,Manager,delaware Belux,Very important,Very committed,"Health & wellbeing;Education;Diversity, equity & inclusion;Climate action;Clean energy;Partnerships for sustainability",Excellent,Excellent,Excellent,Excellent,Excellent,Excellent,Reduction of greenhouse gas emissions in business travel;Community outreach programs;Innovative sustainable IT solutions;Shift to renewable energies;Awareness campaigns on diversity and inclusion;Employee sustainability trainings,continue as we do,ISO14001 - Environmental management system;ISO26000 - Social responsibility;SBTi - Science based 1.5°C target;CDP - Carbon disclosure project,"happy to support, however no knowledge",
157,4/7/2026 9:31,4/7/2026 9:34,anonymous,Nederlands,Employee (#peopleofdelaware),,Purchase accountant,delaware Belux,Very important,Very committed,Clean energy;,Very good,Very good,Very good,Very good,Very good,Excellent,Innovative sustainable IT solutions;Shift to renewable energies;Awareness campaigns on diversity and inclusion,helping our clients optimize their cloud architecture and data storage,ISO14001 - Environmental management system,,
158,4/7/2026 10:33,4/7/2026 10:36,anonymous,English (United States)?,Employee (#peopleofdelaware),,Consultant,delaware Belux,Somewhat important,Very committed,Health & wellbeing;Clean energy;Education;Partnerships for sustainability,Good,Excellent,Excellent,Excellent,Very good,I don’t have enough information to answer,Shift to renewable energies;Reduction of greenhouse gas emissions in business travel,More efficiënt use of power hungry AI tools,ISO14001 - Environmental management system;B Corp certification,,
159,4/7/2026 10:56,4/7/2026 10:58,anonymous,English (United States)?,Employee (#peopleofdelaware),,solution lead,delaware Belux,Neutral,Neutral,Climate action;Clean energy,Fair,Good,Fair,Good,Fair,I don’t have enough information to answer,Innovative sustainable IT solutions;,,ISO14001 - Environmental management system;ISO26000 - Social responsibility;SBTi - Science based 1.5°C target,,
160,4/7/2026 14:35,4/7/2026 14:39,anonymous,English (United States)?,Employee (#peopleofdelaware),,Functional senior consultant,delaware Belux,Very important,Very committed,"Health & wellbeing;Education;Clean energy;Diversity, equity & inclusion",Very good,Excellent,Excellent,Excellent,Very good,Excellent,Shift to renewable energies;Employee sustainability trainings;Innovative sustainable IT solutions,,ISO14001 - Environmental management system;SBTi - Science based 1.5°C target,,
161,4/7/2026 16:38,4/7/2026 16:40,anonymous,English (United States)?,Employee (#peopleofdelaware),,Developer,delaware Belux,Somewhat important,Very committed,"Health & wellbeing;Education;Diversity, equity & inclusion;Climate action;Clean energy;Partnerships for sustainability",Very good,Excellent,Very good,Very good,Very good,Good,Reduction of greenhouse gas emissions in business travel;Community outreach programs;Innovative sustainable IT solutions;Shift to renewable energies;Awareness campaigns on diversity and inclusion;Employee sustainability trainings,,ISO14001 - Environmental management system;ISO26000 - Social responsibility;SBTi - Science based 1.5°C target;CDP - Carbon disclosure project;B Corp certification;Ecovadis rating,,
162,4/7/2026 16:45,4/7/2026 16:49,anonymous,English (United States)?,Employee (#peopleofdelaware),,Senior Consultant,delaware Belux,Neutral,Somewhat committed,Climate action;Clean energy;Health & wellbeing,Very good,Good,Very good,Good,Good,Average,Innovative sustainable IT solutions;Employee sustainability trainings;Shift to renewable energies;Reduction of greenhouse gas emissions in business travel,,ISO14001 - Environmental management system;CDP - Carbon disclosure project;SBTi - Science based 1.5°C target,,
163,4/7/2026 16:56,4/7/2026 17:03,anonymous,English (United States)?,Employee (#peopleofdelaware),,Support Specialist,delaware Belux,Somewhat important,Somewhat committed,Clean energy;Education,Fair,Very good,Very good,Good,Very good,I don’t have enough information to answer,Shift to renewable energies;Innovative sustainable IT solutions,"Try to measure the impact of our use of AI, with nearly exact figures, on nergy and water consumption, and the impact on the environment.",ISO14001 - Environmental management system,,
164,4/8/2026 11:35,4/8/2026 11:39,anonymous,Nederlands,Employee (#peopleofdelaware),,Lead Expert of SAP Integration,delaware Belux,Very important,Very committed,Climate action;Clean energy;Health & wellbeing,Excellent,Excellent,Excellent,Very good,Very good,Excellent,Reduction of greenhouse gas emissions in business travel;Innovative sustainable IT solutions,,ISO14001 - Environmental management system,,
165,4/8/2026 14:12,4/8/2026 14:18,anonymous,English (United States)?,Employee (#peopleofdelaware),,Senior Consultant,delaware Belux,Somewhat not important,Somewhat committed,Health & wellbeing;Education;Climate action,Good,Fair,Fair,Good,Fair,I don’t have enough information to answer,Community outreach programs;Innovative sustainable IT solutions,Extend leasing periods,ISO14001 - Environmental management system,,
166,4/8/2026 16:10,4/8/2026 16:16,anonymous,Nederlands,Employee (#peopleofdelaware),,Specialist Support,delaware Belux,Neutral,Somewhat committed,"Health & wellbeing;Diversity, equity & inclusion;Climate action",Fair,Very good,Very good,Good,Good,Good,Shift to renewable energies;Innovative sustainable IT solutions,A better organized mobility budget (not only because it's legally required).,B Corp certification,,
167,4/9/2026 11:51,4/9/2026 11:56,anonymous,English (United States)?,Employee (#peopleofdelaware),,SAP - Senior Consultant,delaware Belux,Very important,Very committed,Health & wellbeing;Climate action;Clean energy,Very good,Excellent,Very good,Excellent,Excellent,Good,Reduction of greenhouse gas emissions in business travel;Shift to renewable energies;Innovative sustainable IT solutions;Employee sustainability trainings,,ISO14001 - Environmental management system;B Corp certification;CDP - Carbon disclosure project;ISO26000 - Social responsibility,,
168,4/9/2026 12:55,4/9/2026 12:57,anonymous,English (United States)?,Employee (#peopleofdelaware),,Software developer,delaware The Netherlands,Somewhat important,Very committed,"Health & wellbeing;Diversity, equity & inclusion;Climate action;Clean energy",Good,Very good,Very good,Good,Good,Good,Reduction of greenhouse gas emissions in business travel;Shift to renewable energies,,ISO14001 - Environmental management system;ISO26000 - Social responsibility;CDP - Carbon disclosure project,,
169,4/9/2026 22:17,4/9/2026 22:19,anonymous,English (United States)?,Employee (#peopleofdelaware),,Senior Manager,delaware Belux,Very important,Very committed,Education;Clean energy;Health & wellbeing,Good,Very good,Good,Good,Fair,Excellent,Innovative sustainable IT solutions;Shift to renewable energies,,ISO14001 - Environmental management system,,
