receivedAt,timestamp,eventType,userId,sessionId,questStage,turnIndex,conversationRole,npcId,npcName,npcRole,stepId,prompt,choiceKey,choiceLabel,text,roleLevel,branch,country,userAgent
2026-04-30T09:44:19.866Z,2026-04-30T09:44:19.192Z,profile_submitted,user_0deff27b-58a5-4994-843b-f90f2fce731f,session_e9806714-1e1b-4ef0-9be9-ff5ae8bad19f,,,,,,,,,,,,manager,,Netherlands,"Mozilla/5.0 (Windows NT 10.0; Win64; x64) AppleWebKit/537.36 (KHTML, like Gecko) Chrome/147.0.0.0 Safari/537.36"
2026-04-30T09:44:41.787Z,2026-04-30T09:44:41.689Z,question_answer,user_0deff27b-58a5-4994-843b-f90f2fce731f,session_e9806714-1e1b-4ef0-9be9-ff5ae8bad19f,baselineDilemma,,,olive,Olive the Owl,Sustainability Guide,baseline_understanding,"welcome. one question before we begin — delaware's work is built around five values: entrepreneurship, team spirit, respect, commitment, and care. thinking about where you work today, how much do you see those values shape real decisions?",4,4 — fairly often,,manager,,Netherlands,"Mozilla/5.0 (Windows NT 10.0; Win64; x64) AppleWebKit/537.36 (KHTML, like Gecko) Chrome/147.0.0.0 Safari/537.36"
2026-04-30T09:45:13.454Z,2026-04-30T09:45:13.372Z,question_answer,user_0deff27b-58a5-4994-843b-f90f2fce731f,session_e9806714-1e1b-4ef0-9be9-ff5ae8bad19f,baselineDilemma,,,olive,Olive the Owl,Sustainability Guide,opening_dilemma,"when pressure rises like that, which line do you protect first?",people,the human cost. i won't let one person quietly absorb the pressure so the meeting still looks good.,,manager,,Netherlands,"Mozilla/5.0 (Windows NT 10.0; Win64; x64) AppleWebKit/537.36 (KHTML, like Gecko) Chrome/147.0.0.0 Safari/537.36"
2026-04-30T09:45:27.793Z,2026-04-30T09:45:27.718Z,question_answer,user_0deff27b-58a5-4994-843b-f90f2fce731f,session_e9806714-1e1b-4ef0-9be9-ff5ae8bad19f,baselineDilemma,,,olive,Olive the Owl,Sustainability Guide,opening_commitment,"the teammate carrying the extra load says they're fine, but it's obvious they've been absorbing the pressure for weeks. if you keep the human cost at the centre, what are you prepared to do next?",protect_quietly,check in privately and redistribute pressure quietly before the checkpoint hits.,,manager,,Netherlands,"Mozilla/5.0 (Windows NT 10.0; Win64; x64) AppleWebKit/537.36 (KHTML, like Gecko) Chrome/147.0.0.0 Safari/537.36"
2026-04-30T09:46:34.992Z,2026-04-30T09:46:34.909Z,question_answer,user_0deff27b-58a5-4994-843b-f90f2fce731f,session_e9806714-1e1b-4ef0-9be9-ff5ae8bad19f,townPillars,,,frank,Frank the Fish,Environmental Stewardship,env_scenario_personal,If this were your recommendation to make — what would you lean toward?,flag_energy,Flag the energy cost to the client and factor it into the recommendation.,,manager,,Netherlands,"Mozilla/5.0 (Windows NT 10.0; Win64; x64) AppleWebKit/537.36 (KHTML, like Gecko) Chrome/147.0.0.0 Safari/537.36"
2026-04-30T09:47:06.396Z,2026-04-30T09:47:06.308Z,question_answer,user_0deff27b-58a5-4994-843b-f90f2fce731f,session_e9806714-1e1b-4ef0-9be9-ff5ae8bad19f,townPillars,,,frank,Frank the Fish,Environmental Stewardship,env_scenario_delaware,And what do you think delaware would expect a consultant to do in a situation like this?,flag_energy,Flag the energy cost — include it in the recommendation.,,manager,,Netherlands,"Mozilla/5.0 (Windows NT 10.0; Win64; x64) AppleWebKit/537.36 (KHTML, like Gecko) Chrome/147.0.0.0 Safari/537.36"
2026-04-30T09:47:15.259Z,2026-04-30T09:47:15.170Z,question_answer,user_0deff27b-58a5-4994-843b-f90f2fce731f,session_e9806714-1e1b-4ef0-9be9-ff5ae8bad19f,townPillars,,,frank,Frank the Fish,Environmental Stewardship,env_scale,Last question from me. How often do you see environmental considerations genuinely shaping real decisions where you work?,3,3 — sometimes,,manager,,Netherlands,"Mozilla/5.0 (Windows NT 10.0; Win64; x64) AppleWebKit/537.36 (KHTML, like Gecko) Chrome/147.0.0.0 Safari/537.36"
2026-04-30T09:47:47.173Z,2026-04-30T09:47:47.084Z,question_answer,user_0deff27b-58a5-4994-843b-f90f2fce731f,session_e9806714-1e1b-4ef0-9be9-ff5ae8bad19f,townPillars,,,otis,Otis the Otter,People & Culture,people_scenario_personal,What would you do in this moment?,check_in,"Check in with them privately first, then decide how to escalate.",,manager,,Netherlands,"Mozilla/5.0 (Windows NT 10.0; Win64; x64) AppleWebKit/537.36 (KHTML, like Gecko) Chrome/147.0.0.0 Safari/537.36"
2026-04-30T09:48:01.968Z,2026-04-30T09:48:01.881Z,question_answer,user_0deff27b-58a5-4994-843b-f90f2fce731f,session_e9806714-1e1b-4ef0-9be9-ff5ae8bad19f,townPillars,,,otis,Otis the Otter,People & Culture,people_scenario_delaware,"What do you think happens in situations like this here, usually? What would delaware expect someone to do?",check_in,"Check in privately first, then escalate if needed.",,manager,,Netherlands,"Mozilla/5.0 (Windows NT 10.0; Win64; x64) AppleWebKit/537.36 (KHTML, like Gecko) Chrome/147.0.0.0 Safari/537.36"
2026-04-30T09:48:16.913Z,2026-04-30T09:48:16.835Z,question_answer,user_0deff27b-58a5-4994-843b-f90f2fce731f,session_e9806714-1e1b-4ef0-9be9-ff5ae8bad19f,townPillars,,,otis,Otis the Otter,People & Culture,people_scale,One more. How safe does it feel to express a different view or raise a concern in your team?,2,2 — occasionally,,manager,,Netherlands,"Mozilla/5.0 (Windows NT 10.0; Win64; x64) AppleWebKit/537.36 (KHTML, like Gecko) Chrome/147.0.0.0 Safari/537.36"
2026-04-30T09:49:58.921Z,2026-04-30T09:49:58.845Z,question_answer,user_0deff27b-58a5-4994-843b-f90f2fce731f,session_e9806714-1e1b-4ef0-9be9-ff5ae8bad19f,officePillars,,,suzy,Suzy the Sheep,Business Conduct,conduct_scenario_personal,What would feel like the right response for you?,flag_up,Flag the workaround to a manager before deciding — get clarity on whether it's acceptable.,,manager,,Netherlands,"Mozilla/5.0 (Windows NT 10.0; Win64; x64) AppleWebKit/537.36 (KHTML, like Gecko) Chrome/147.0.0.0 Safari/537.36"
2026-04-30T09:50:16.008Z,2026-04-30T09:50:15.921Z,question_answer,user_0deff27b-58a5-4994-843b-f90f2fce731f,session_e9806714-1e1b-4ef0-9be9-ff5ae8bad19f,officePillars,,,suzy,Suzy the Sheep,Business Conduct,conduct_scenario_delaware,What do you think delaware's leadership would expect someone to do here?,flag_up,Flag it and seek guidance before proceeding.,,manager,,Netherlands,"Mozilla/5.0 (Windows NT 10.0; Win64; x64) AppleWebKit/537.36 (KHTML, like Gecko) Chrome/147.0.0.0 Safari/537.36"
2026-04-30T09:50:27.225Z,2026-04-30T09:50:27.151Z,question_answer,user_0deff27b-58a5-4994-843b-f90f2fce731f,session_e9806714-1e1b-4ef0-9be9-ff5ae8bad19f,officePillars,,,suzy,Suzy the Sheep,Business Conduct,conduct_scale,And how safe would it feel to raise a concern about a process or compliance issue in your context?,4,4 — fairly often,,manager,,Netherlands,"Mozilla/5.0 (Windows NT 10.0; Win64; x64) AppleWebKit/537.36 (KHTML, like Gecko) Chrome/147.0.0.0 Safari/537.36"
2026-04-30T09:52:16.228Z,2026-04-30T09:52:16.148Z,question_answer,user_0deff27b-58a5-4994-843b-f90f2fce731f,session_e9806714-1e1b-4ef0-9be9-ff5ae8bad19f,officePillars,,,hazel,Hazel the Hedgehog,Responsible Value Chain,chain_scenario_personal,What would you lean toward in this decision?,responsible,Go with the responsible supplier — the cost difference is worth the alignment.,,manager,,Netherlands,"Mozilla/5.0 (Windows NT 10.0; Win64; x64) AppleWebKit/537.36 (KHTML, like Gecko) Chrome/147.0.0.0 Safari/537.36"
2026-04-30T09:52:45.602Z,2026-04-30T09:52:45.525Z,question_answer,user_0deff27b-58a5-4994-843b-f90f2fce731f,session_e9806714-1e1b-4ef0-9be9-ff5ae8bad19f,officePillars,,,hazel,Hazel the Hedgehog,Responsible Value Chain,chain_scenario_delaware,What do you think delaware would actually prioritise in a supplier decision like this?,negotiate,Use procurement leverage to push suppliers to improve.,,manager,,Netherlands,"Mozilla/5.0 (Windows NT 10.0; Win64; x64) AppleWebKit/537.36 (KHTML, like Gecko) Chrome/147.0.0.0 Safari/537.36"
2026-04-30T09:52:58.885Z,2026-04-30T09:52:58.811Z,question_answer,user_0deff27b-58a5-4994-843b-f90f2fce731f,session_e9806714-1e1b-4ef0-9be9-ff5ae8bad19f,officePillars,,,hazel,Hazel the Hedgehog,Responsible Value Chain,chain_scale,"Last one. How visible is responsible external decision-making — around suppliers, partners, and longer-term impact — in your everyday work?",3,3 — sometimes,,manager,,Netherlands,"Mozilla/5.0 (Windows NT 10.0; Win64; x64) AppleWebKit/537.36 (KHTML, like Gecko) Chrome/147.0.0.0 Safari/537.36"
2026-04-30T09:53:35.740Z,2026-04-30T09:53:35.664Z,question_answer,user_0deff27b-58a5-4994-843b-f90f2fce731f,session_e9806714-1e1b-4ef0-9be9-ff5ae8bad19f,returnToOlive,,,olive,Olive the Owl,Sustainability Guide,final_strongest,which pillar feels strongest in terms of how it shows up in daily practice at delaware?,people,People & Culture,,manager,,Netherlands,"Mozilla/5.0 (Windows NT 10.0; Win64; x64) AppleWebKit/537.36 (KHTML, like Gecko) Chrome/147.0.0.0 Safari/537.36"
2026-04-30T09:53:45.000Z,2026-04-30T09:53:44.901Z,question_answer,user_0deff27b-58a5-4994-843b-f90f2fce731f,session_e9806714-1e1b-4ef0-9be9-ff5ae8bad19f,returnToOlive,,,olive,Olive the Owl,Sustainability Guide,final_important,and which pillar matters most to you personally?,people,People & Culture — the human dimension matters most to me.,,manager,,Netherlands,"Mozilla/5.0 (Windows NT 10.0; Win64; x64) AppleWebKit/537.36 (KHTML, like Gecko) Chrome/147.0.0.0 Safari/537.36"
2026-04-30T09:53:49.192Z,2026-04-30T09:53:49.121Z,question_answer,user_0deff27b-58a5-4994-843b-f90f2fce731f,session_e9806714-1e1b-4ef0-9be9-ff5ae8bad19f,returnToOlive,,,olive,Olive the Owl,Sustainability Guide,final_gap,where do you see the biggest gap between delaware's sustainability ambition and what you experience in practice?,env,the environmental side — intentions are there but daily operations don't always reflect it.,,manager,,Netherlands,"Mozilla/5.0 (Windows NT 10.0; Win64; x64) AppleWebKit/537.36 (KHTML, like Gecko) Chrome/147.0.0.0 Safari/537.36"
2026-04-30T09:54:01.230Z,2026-04-30T09:54:01.153Z,question_answer,user_0deff27b-58a5-4994-843b-f90f2fce731f,session_e9806714-1e1b-4ef0-9be9-ff5ae8bad19f,returnToOlive,,,olive,Olive the Owl,Sustainability Guide,final_focus,last one. what should delaware prioritize to close that gap?,visible_action,"more visible action — less strategy, more tangible change people can see and feel.",,manager,,Netherlands,"Mozilla/5.0 (Windows NT 10.0; Win64; x64) AppleWebKit/537.36 (KHTML, like Gecko) Chrome/147.0.0.0 Safari/537.36"
2026-04-30T09:54:16.223Z,2026-04-30T09:54:16.148Z,council_message,user_0deff27b-58a5-4994-843b-f90f2fce731f,session_e9806714-1e1b-4ef0-9be9-ff5ae8bad19f,postGame,,assistant,olive,Olive the Owl,,,,,,"i'm olive, and i'm really glad you're here. i noticed you chose to flag the energy cost to the client and include it in the recommendation, which feels like a nice example of not hiding the awkward bit. when that kind of trade-off shows up in real work, what usually makes it easiest for you to speak up about it?",manager,,Netherlands,"Mozilla/5.0 (Windows NT 10.0; Win64; x64) AppleWebKit/537.36 (KHTML, like Gecko) Chrome/147.0.0.0 Safari/537.36"
2026-04-30T09:55:04.873Z,2026-04-30T09:55:04.789Z,council_message,user_0deff27b-58a5-4994-843b-f90f2fce731f,session_e9806714-1e1b-4ef0-9be9-ff5ae8bad19f,postGame,1,user,,You,,,,,,I don't see any more where you can also type it but can I also remove what you're saying,manager,,Netherlands,"Mozilla/5.0 (Windows NT 10.0; Win64; x64) AppleWebKit/537.36 (KHTML, like Gecko) Chrome/147.0.0.0 Safari/537.36"
2026-04-30T09:55:10.464Z,2026-04-30T09:55:10.394Z,council_message,user_0deff27b-58a5-4994-843b-f90f2fce731f,session_e9806714-1e1b-4ef0-9be9-ff5ae8bad19f,postGame,1,assistant,olive,Olive the Owl,,,,,,"yes, you can change or remove your own message before sending, if the interface lets you edit it. if you're asking whether i can help you rewrite the council line instead, i can do that too. what would you like it to sound like?",manager,,Netherlands,"Mozilla/5.0 (Windows NT 10.0; Win64; x64) AppleWebKit/537.36 (KHTML, like Gecko) Chrome/147.0.0.0 Safari/537.36"
2026-04-30T09:55:34.367Z,2026-04-30T09:55:34.291Z,council_message,user_0deff27b-58a5-4994-843b-f90f2fce731f,session_e9806714-1e1b-4ef0-9be9-ff5ae8bad19f,postGame,2,user,,You,,,,,,I just want to answer the question I think you need to be honest to a customer and make them aware of what you are offering and what you're doing it,manager,,Netherlands,"Mozilla/5.0 (Windows NT 10.0; Win64; x64) AppleWebKit/537.36 (KHTML, like Gecko) Chrome/147.0.0.0 Safari/537.36"
2026-04-30T09:55:40.492Z,2026-04-30T09:55:40.421Z,council_message,user_0deff27b-58a5-4994-843b-f90f2fce731f,session_e9806714-1e1b-4ef0-9be9-ff5ae8bad19f,postGame,2,assistant,olive,Olive the Owl,,,,,,"that makes sense — being honest with the customer keeps things clean, and it fits your choice to flag the energy cost up front. i also hear your people-first thread in there: you don’t want anyone quietly carrying the awkward part just to make the numbers look nicer. what helps you keep that honesty steady when the pressure is on?",manager,,Netherlands,"Mozilla/5.0 (Windows NT 10.0; Win64; x64) AppleWebKit/537.36 (KHTML, like Gecko) Chrome/147.0.0.0 Safari/537.36"
2026-04-30T09:56:19.578Z,2026-04-30T09:56:19.487Z,council_message,user_0deff27b-58a5-4994-843b-f90f2fce731f,session_e9806714-1e1b-4ef0-9be9-ff5ae8bad19f,postGame,3,user,,You,,,,,,I think you need to be fair to your people as well in the way that you operate and also fair to your customers so that will always be discussions and it will always be difficult but as long,manager,,Netherlands,"Mozilla/5.0 (Windows NT 10.0; Win64; x64) AppleWebKit/537.36 (KHTML, like Gecko) Chrome/147.0.0.0 Safari/537.36"
2026-04-30T09:56:26.769Z,2026-04-30T09:56:26.689Z,council_message,user_0deff27b-58a5-4994-843b-f90f2fce731f,session_e9806714-1e1b-4ef0-9be9-ff5ae8bad19f,postGame,3,assistant,olive,Olive the Owl,,,,,,"yeah, that tracks — you’re basically saying fairness has to work both ways, for the people doing the work and the people getting the result. that fits with how you handled the private check-in first in the people & culture part, too: you’re not rushing to make noise, but you’re not ignoring the strain either. as long as what?",manager,,Netherlands,"Mozilla/5.0 (Windows NT 10.0; Win64; x64) AppleWebKit/537.36 (KHTML, like Gecko) Chrome/147.0.0.0 Safari/537.36"
2026-04-30T09:56:42.771Z,2026-04-30T09:56:42.680Z,final_report,user_0deff27b-58a5-4994-843b-f90f2fce731f,session_e9806714-1e1b-4ef0-9be9-ff5ae8bad19f,complete,,,,,,,,,,"{""report"":{""generatedAt"":""2026-04-30T09:56:42.648Z"",""playerProfile"":{""roleLevel"":""manager"",""team"":""Other"",""country"":""Netherlands""},""profile"":{""title"":""People & Culture Advocate"",""summary"":""You prioritize wellbeing, fairness, and psychological safety, especially when deadlines tempt people to absorb the damage quietly."",""dominantPillar"":""conduct"",""openingTendency"":""people""},""baseline"":{""understanding"":4,""relevance"":null,""confidence"":null},""openingDilemma"":""people"",""openingPov"":{""title"":""People-Impact Lens"",""routeLabel"":""people-first route"",""routeSummary"":""you chose to protect the people carrying the cost of pressure before anything else."",""profileTitle"":""People & Culture Advocate"",""profileSummary"":""You prioritize wellbeing, fairness, and psychological safety, especially when deadlines tempt people to absorb the damage quietly."",""town"":[""otis"",""frank""],""office"":[""suzy"",""hazel""]},""openingCommitment"":""check in privately and redistribute pressure quietly before the checkpoint hits."",""pillars"":{""env"":{""label"":""Environmental Stewardship"",""color"":""#7ab68b"",""personal"":""flag_energy"",""delaware"":""flag_energy"",""visibility"":3,""gap"":false,""adaptiveAnswer"":null},""people"":{""label"":""People & Culture"",""color"":""#d8b58c"",""personal"":""check_in"",""delaware"":""check_in"",""visibility"":2,""gap"":false,""adaptiveAnswer"":null},""conduct"":{""label"":""Business Conduct"",""color"":""#8ca6a0"",""personal"":""flag_up"",""delaware"":""flag_up"",""visibility"":4,""gap"":false,""adaptiveAnswer"":null},""chain"":{""label"":""Responsible Value Chain"",""color"":""#a08cb4"",""personal"":""responsible"",""delaware"":""negotiate"",""visibility"":3,""gap"":true,""adaptiveAnswer"":null}},""finalReflection"":{""strongest"":""people"",""mostImportant"":""people"",""biggestGap"":""env"",""focusNext"":""visible_action""},""postGame"":{""understanding"":null,""reflection"":null,""learning"":null},""learningGain"":null,""pillarOrder"":{""town"":[""otis"",""frank""],""office"":[""suzy"",""hazel""]},""choiceAnswers"":[{""id"":""olive-baseline_understanding-0"",""npcId"":""olive"",""npcName"":""Olive the Owl"",""npcRole"":""Sustainability Guide"",""stepId"":""baseline_understanding"",""prompt"":""welcome. one question before we begin — delaware's work is built around five values: entrepreneurship, team spirit, respect, commitment, and care. thinking about where you work today, how much do you see those values shape real decisions?"",""answer"":""4 — fairly often"",""choiceKey"":""4""},{""id"":""olive-opening_dilemma-1"",""npcId"":""olive"",""npcName"":""Olive the Owl"",""npcRole"":""Sustainability Guide"",""stepId"":""opening_dilemma"",""prompt"":""when pressure rises like that, which line do you protect first?"",""answer"":""the human cost. i won't let one person quietly absorb the pressure so the meeting still looks good."",""choiceKey"":""people""},{""id"":""olive-opening_commitment-2"",""npcId"":""olive"",""npcName"":""Olive the Owl"",""npcRole"":""Sustainability Guide"",""stepId"":""opening_commitment"",""prompt"":""the teammate carrying the extra load says they're fine, but it's obvious they've been absorbing the pressure for weeks. if you keep the human cost at the centre, what are you prepared to do next?"",""answer"":""check in privately and redistribute pressure quietly before the checkpoint hits."",""choiceKey"":""protect_quietly""},{""id"":""frank-env_scenario_personal-3"",""npcId"":""frank"",""npcName"":""Frank the Fish"",""npcRole"":""Environmental Stewardship"",""stepId"":""env_scenario_personal"",""prompt"":""If this were your recommendation to make — what would you lean toward?"",""answer"":""Flag the energy cost to the client and factor it into the recommendation."",""choiceKey"":""flag_energy""},{""id"":""frank-env_scenario_delaware-4"",""npcId"":""frank"",""npcName"":""Frank the Fish"",""npcRole"":""Environmental Stewardship"",""stepId"":""env_scenario_delaware"",""prompt"":""And what do you think delaware would expect a consultant to do in a situation like this?"",""answer"":""Flag the energy cost — include it in the recommendation."",""choiceKey"":""flag_energy""},{""id"":""frank-env_scale-5"",""npcId"":""frank"",""npcName"":""Frank the Fish"",""npcRole"":""Environmental Stewardship"",""stepId"":""env_scale"",""prompt"":""Last question from me. How often do you see environmental considerations genuinely shaping real decisions where you work?"",""answer"":""3 — sometimes"",""choiceKey"":""3""},{""id"":""otis-people_scenario_personal-6"",""npcId"":""otis"",""npcName"":""Otis the Otter"",""npcRole"":""People & Culture"",""stepId"":""people_scenario_personal"",""prompt"":""What would you do in this moment?"",""answer"":""Check in with them privately first, then decide how to escalate."",""choiceKey"":""check_in""},{""id"":""otis-people_scenario_delaware-7"",""npcId"":""otis"",""npcName"":""Otis the Otter"",""npcRole"":""People & Culture"",""stepId"":""people_scenario_delaware"",""prompt"":""What do you think happens in situations like this here, usually? What would delaware expect someone to do?"",""answer"":""Check in privately first, then escalate if needed."",""choiceKey"":""check_in""},{""id"":""otis-people_scale-8"",""npcId"":""otis"",""npcName"":""Otis the Otter"",""npcRole"":""People & Culture"",""stepId"":""people_scale"",""prompt"":""One more. How safe does it feel to express a different view or raise a concern in your team?"",""answer"":""2 — occasionally"",""choiceKey"":""2""},{""id"":""suzy-conduct_scenario_personal-9"",""npcId"":""suzy"",""npcName"":""Suzy the Sheep"",""npcRole"":""Business Conduct"",""stepId"":""conduct_scenario_personal"",""prompt"":""What would feel like the right response for you?"",""answer"":""Flag the workaround to a manager before deciding — get clarity on whether it's acceptable."",""choiceKey"":""flag_up""},{""id"":""suzy-conduct_scenario_delaware-10"",""npcId"":""suzy"",""npcName"":""Suzy the Sheep"",""npcRole"":""Business Conduct"",""stepId"":""conduct_scenario_delaware"",""prompt"":""What do you think delaware's leadership would expect someone to do here?"",""answer"":""Flag it and seek guidance before proceeding."",""choiceKey"":""flag_up""},{""id"":""suzy-conduct_scale-11"",""npcId"":""suzy"",""npcName"":""Suzy the Sheep"",""npcRole"":""Business Conduct"",""stepId"":""conduct_scale"",""prompt"":""And how safe would it feel to raise a concern about a process or compliance issue in your context?"",""answer"":""4 — fairly often"",""choiceKey"":""4""},{""id"":""hazel-chain_scenario_personal-12"",""npcId"":""hazel"",""npcName"":""Hazel the Hedgehog"",""npcRole"":""Responsible Value Chain"",""stepId"":""chain_scenario_personal"",""prompt"":""What would you lean toward in this decision?"",""answer"":""Go with the responsible supplier — the cost difference is worth the alignment."",""choiceKey"":""responsible""},{""id"":""hazel-chain_scenario_delaware-13"",""npcId"":""hazel"",""npcName"":""Hazel the Hedgehog"",""npcRole"":""Responsible Value Chain"",""stepId"":""chain_scenario_delaware"",""prompt"":""What do you think delaware would actually prioritise in a supplier decision like this?"",""answer"":""Use procurement leverage to push suppliers to improve."",""choiceKey"":""negotiate""},{""id"":""hazel-chain_scale-14"",""npcId"":""hazel"",""npcName"":""Hazel the Hedgehog"",""npcRole"":""Responsible Value Chain"",""stepId"":""chain_scale"",""prompt"":""Last one. How visible is responsible external decision-making — around suppliers, partners, and longer-term impact — in your everyday work?"",""answer"":""3 — sometimes"",""choiceKey"":""3""},{""id"":""olive-final_strongest-15"",""npcId"":""olive"",""npcName"":""Olive the Owl"",""npcRole"":""Sustainability Guide"",""stepId"":""final_strongest"",""prompt"":""which pillar feels strongest in terms of how it shows up in daily practice at delaware?"",""answer"":""People & Culture"",""choiceKey"":""people""},{""id"":""olive-final_important-16"",""npcId"":""olive"",""npcName"":""Olive the Owl"",""npcRole"":""Sustainability Guide"",""stepId"":""final_important"",""prompt"":""and which pillar matters most to you personally?"",""answer"":""People & Culture — the human dimension matters most to me."",""choiceKey"":""people""},{""id"":""olive-final_gap-17"",""npcId"":""olive"",""npcName"":""Olive the Owl"",""npcRole"":""Sustainability Guide"",""stepId"":""final_gap"",""prompt"":""where do you see the biggest gap between delaware's sustainability ambition and what you experience in practice?"",""answer"":""the environmental side — intentions are there but daily operations don't always reflect it."",""choiceKey"":""env""},{""id"":""olive-final_focus-18"",""npcId"":""olive"",""npcName"":""Olive the Owl"",""npcRole"":""Sustainability Guide"",""stepId"":""final_focus"",""prompt"":""last one. what should delaware prioritize to close that gap?"",""answer"":""more visible action — less strategy, more tangible change people can see and feel."",""choiceKey"":""visible_action""}],""reflectionAnswers"":[],""benchmark"":[{""stepId"":""env_scenario_personal"",""npcName"":""Frank the Fish"",""playerChoiceKey"":""flag_energy"",""bars"":[{""key"":""flag_energy"",""label"":""flag energy cost"",""percent"":33,""isPlayerChoice"":true},{""key"":""lighter_model"",""label"":""default to lighter model"",""percent"":28,""isPlayerChoice"":false},{""key"":""note_internally"",""label"":""note internally"",""percent"":24,""isPlayerChoice"":false},{""key"":""full_info"",""label"":""full info to client"",""percent"":15,""isPlayerChoice"":false}]},{""stepId"":""people_scenario_personal"",""npcName"":""Otis the Otter"",""playerChoiceKey"":""check_in"",""bars"":[{""key"":""raise_now"",""label"":""raise it now"",""percent"":26,""isPlayerChoice"":false},{""key"":""check_in"",""label"":""check in privately"",""percent"":45,""isPlayerChoice"":true},{""key"":""let_lead"",""label"":""leave to manager"",""percent"":16,""isPlayerChoice"":false},{""key"":""document"",""label"":""document and flag later"",""percent"":13,""isPlayerChoice"":false}]},{""stepId"":""conduct_scenario_personal"",""npcName"":""Suzy the Sheep"",""playerChoiceKey"":""flag_up"",""bars"":[{""key"":""follow_proper"",""label"":""follow full process"",""percent"":34,""isPlayerChoice"":false},{""key"":""flag_up"",""label"":""flag and seek guidance"",""percent"":38,""isPlayerChoice"":true},{""key"":""use_workaround"",""label"":""use the workaround"",""percent"":12,""isPlayerChoice"":false},{""key"":""suggest_review"",""label"":""use it, push for review"",""percent"":16,""isPlayerChoice"":false}]},{""stepId"":""chain_scenario_personal"",""npcName"":""Hazel the Hedgehog"",""playerChoiceKey"":""responsible"",""bars"":[{""key"":""responsible"",""label"":""responsible supplier"",""percent"":41,""isPlayerChoice"":true},{""key"":""negotiate"",""label"":""negotiate standards"",""percent"":29,""isPlayerChoice"":false},{""key"":""cost"",""label"":""prioritise cost"",""percent"":19,""isPlayerChoice"":false},{""key"":""escalate"",""label"":""escalate to leadership"",""percent"":11,""isPlayerChoice"":false}]}],""scores"":{""env"":60,""people"":40,""conduct"":80,""chain"":60},""stats"":[{""label"":""Questions answered"",""value"":""19""},{""label"":""Pillar gaps found"",""value"":""1 of 4""},{""label"":""Understanding gain"",""value"":""—""},{""label"":""Baseline confidence"",""value"":""—""},{""label"":""Post-game learning"",""value"":""—""},{""label"":""Value chain visibility"",""value"":""3/5""}]},""choices"":[{""npcId"":""olive"",""npcName"":""Olive the Owl"",""npcRole"":""Sustainability Guide"",""stepId"":""baseline_understanding"",""prompt"":""welcome. one question before we begin — delaware's work is built around five values: entrepreneurship, team spirit, respect, commitment, and care. thinking about where you work today, how much do you see those values shape real decisions?"",""choiceKey"":""4"",""choiceLabel"":""4 — fairly often""},{""npcId"":""olive"",""npcName"":""Olive the Owl"",""npcRole"":""Sustainability Guide"",""stepId"":""opening_dilemma"",""prompt"":""when pressure rises like that, which line do you protect first?"",""choiceKey"":""people"",""choiceLabel"":""the human cost. i won't let one person quietly absorb the pressure so the meeting still looks good.""},{""npcId"":""olive"",""npcName"":""Olive the Owl"",""npcRole"":""Sustainability Guide"",""stepId"":""opening_commitment"",""prompt"":""the teammate carrying the extra load says they're fine, but it's obvious they've been absorbing the pressure for weeks. if you keep the human cost at the centre, what are you prepared to do next?"",""choiceKey"":""protect_quietly"",""choiceLabel"":""check in privately and redistribute pressure quietly before the checkpoint hits.""},{""npcId"":""frank"",""npcName"":""Frank the Fish"",""npcRole"":""Environmental Stewardship"",""stepId"":""env_scenario_personal"",""prompt"":""If this were your recommendation to make — what would you lean toward?"",""choiceKey"":""flag_energy"",""choiceLabel"":""Flag the energy cost to the client and factor it into the recommendation.""},{""npcId"":""frank"",""npcName"":""Frank the Fish"",""npcRole"":""Environmental Stewardship"",""stepId"":""env_scenario_delaware"",""prompt"":""And what do you think delaware would expect a consultant to do in a situation like this?"",""choiceKey"":""flag_energy"",""choiceLabel"":""Flag the energy cost — include it in the recommendation.""},{""npcId"":""frank"",""npcName"":""Frank the Fish"",""npcRole"":""Environmental Stewardship"",""stepId"":""env_scale"",""prompt"":""Last question from me. How often do you see environmental considerations genuinely shaping real decisions where you work?"",""choiceKey"":""3"",""choiceLabel"":""3 — sometimes""},{""npcId"":""otis"",""npcName"":""Otis the Otter"",""npcRole"":""People & Culture"",""stepId"":""people_scenario_personal"",""prompt"":""What would you do in this moment?"",""choiceKey"":""check_in"",""choiceLabel"":""Check in with them privately first, then decide how to escalate.""},{""npcId"":""otis"",""npcName"":""Otis the Otter"",""npcRole"":""People & Culture"",""stepId"":""people_scenario_delaware"",""prompt"":""What do you think happens in situations like this here, usually? What would delaware expect someone to do?"",""choiceKey"":""check_in"",""choiceLabel"":""Check in privately first, then escalate if needed.""},{""npcId"":""otis"",""npcName"":""Otis the Otter"",""npcRole"":""People & Culture"",""stepId"":""people_scale"",""prompt"":""One more. How safe does it feel to express a different view or raise a concern in your team?"",""choiceKey"":""2"",""choiceLabel"":""2 — occasionally""},{""npcId"":""suzy"",""npcName"":""Suzy the Sheep"",""npcRole"":""Business Conduct"",""stepId"":""conduct_scenario_personal"",""prompt"":""What would feel like the right response for you?"",""choiceKey"":""flag_up"",""choiceLabel"":""Flag the workaround to a manager before deciding — get clarity on whether it's acceptable.""},{""npcId"":""suzy"",""npcName"":""Suzy the Sheep"",""npcRole"":""Business Conduct"",""stepId"":""conduct_scenario_delaware"",""prompt"":""What do you think delaware's leadership would expect someone to do here?"",""choiceKey"":""flag_up"",""choiceLabel"":""Flag it and seek guidance before proceeding.""},{""npcId"":""suzy"",""npcName"":""Suzy the Sheep"",""npcRole"":""Business Conduct"",""stepId"":""conduct_scale"",""prompt"":""And how safe would it feel to raise a concern about a process or compliance issue in your context?"",""choiceKey"":""4"",""choiceLabel"":""4 — fairly often""},{""npcId"":""hazel"",""npcName"":""Hazel the Hedgehog"",""npcRole"":""Responsible Value Chain"",""stepId"":""chain_scenario_personal"",""prompt"":""What would you lean toward in this decision?"",""choiceKey"":""responsible"",""choiceLabel"":""Go with the responsible supplier — the cost difference is worth the alignment.""},{""npcId"":""hazel"",""npcName"":""Hazel the Hedgehog"",""npcRole"":""Responsible Value Chain"",""stepId"":""chain_scenario_delaware"",""prompt"":""What do you think delaware would actually prioritise in a supplier decision like this?"",""choiceKey"":""negotiate"",""choiceLabel"":""Use procurement leverage to push suppliers to improve.""},{""npcId"":""hazel"",""npcName"":""Hazel the Hedgehog"",""npcRole"":""Responsible Value Chain"",""stepId"":""chain_scale"",""prompt"":""Last one. How visible is responsible external decision-making — around suppliers, partners, and longer-term impact — in your everyday work?"",""choiceKey"":""3"",""choiceLabel"":""3 — sometimes""},{""npcId"":""olive"",""npcName"":""Olive the Owl"",""npcRole"":""Sustainability Guide"",""stepId"":""final_strongest"",""prompt"":""which pillar feels strongest in terms of how it shows up in daily practice at delaware?"",""choiceKey"":""people"",""choiceLabel"":""People & Culture""},{""npcId"":""olive"",""npcName"":""Olive the Owl"",""npcRole"":""Sustainability Guide"",""stepId"":""final_important"",""prompt"":""and which pillar matters most to you personally?"",""choiceKey"":""people"",""choiceLabel"":""People & Culture — the human dimension matters most to me.""},{""npcId"":""olive"",""npcName"":""Olive the Owl"",""npcRole"":""Sustainability Guide"",""stepId"":""final_gap"",""prompt"":""where do you see the biggest gap between delaware's sustainability ambition and what you experience in practice?"",""choiceKey"":""env"",""choiceLabel"":""the environmental side — intentions are there but daily operations don't always reflect it.""},{""npcId"":""olive"",""npcName"":""Olive the Owl"",""npcRole"":""Sustainability Guide"",""stepId"":""final_focus"",""prompt"":""last one. what should delaware prioritize to close that gap?"",""choiceKey"":""visible_action"",""choiceLabel"":""more visible action — less strategy, more tangible change people can see and feel.""}],""reflections"":{}}",manager,,Netherlands,"Mozilla/5.0 (Windows NT 10.0; Win64; x64) AppleWebKit/537.36 (KHTML, like Gecko) Chrome/147.0.0.0 Safari/537.36"
2026-04-30T18:07:36.560Z,2026-04-30T18:07:35.577Z,profile_submitted,user_fae85674-2696-496f-9f35-17416ef88d52,session_c0319e09-a5eb-4e82-8e79-5fd0d7da94ba,,,,,,,,,,,,team_lead,,Other,"Mozilla/5.0 (Windows NT 10.0; Win64; x64) AppleWebKit/537.36 (KHTML, like Gecko) Chrome/147.0.0.0 Safari/537.36 Edg/147.0.0.0",
2026-04-30T18:10:02.026Z,2026-04-30T18:10:01.649Z,question_answer,user_fae85674-2696-496f-9f35-17416ef88d52,session_c0319e09-a5eb-4e82-8e79-5fd0d7da94ba,baselineDilemma,,,olive,Olive the Owl,Sustainability Guide,baseline_understanding,"welcome. one question before we begin — delaware's work is built around five values: entrepreneurship, team spirit, respect, commitment, and care. thinking about where you work today, how much do you see those values shape real decisions?",4,4 — fairly often,,team_lead,,Other,"Mozilla/5.0 (Windows NT 10.0; Win64; x64) AppleWebKit/537.36 (KHTML, like Gecko) Chrome/147.0.0.0 Safari/537.36 Edg/147.0.0.0",
2026-04-30T18:11:48.256Z,2026-04-30T18:11:48.166Z,question_answer,user_fae85674-2696-496f-9f35-17416ef88d52,session_c0319e09-a5eb-4e82-8e79-5fd0d7da94ba,baselineDilemma,,,olive,Olive the Owl,Sustainability Guide,opening_dilemma,"when pressure rises like that, which line do you protect first?",chain,the long-term trust. i won't make tomorrow easier if it weakens the decisions that come after it.,,team_lead,,Other,"Mozilla/5.0 (Windows NT 10.0; Win64; x64) AppleWebKit/537.36 (KHTML, like Gecko) Chrome/147.0.0.0 Safari/537.36 Edg/147.0.0.0",
2026-04-30T18:13:24.180Z,2026-04-30T18:13:24.096Z,question_answer,user_fae85674-2696-496f-9f35-17416ef88d52,session_c0319e09-a5eb-4e82-8e79-5fd0d7da94ba,baselineDilemma,,,olive,Olive the Owl,Sustainability Guide,opening_commitment,"everyone keeps calling this a temporary compromise for one checkpoint. but you know once a softened story lands well, it often becomes the version people keep using. if you're taking the long view, how far do you push it?",senior_tradeoff,push the trade-off upward and make the long-term trust risk explicit to leadership.,,team_lead,,Other,"Mozilla/5.0 (Windows NT 10.0; Win64; x64) AppleWebKit/537.36 (KHTML, like Gecko) Chrome/147.0.0.0 Safari/537.36 Edg/147.0.0.0",
2026-04-30T18:17:11.708Z,2026-04-30T18:17:11.610Z,question_answer,user_fae85674-2696-496f-9f35-17416ef88d52,session_c0319e09-a5eb-4e82-8e79-5fd0d7da94ba,townPillars,,,frank,Frank the Fish,Environmental Stewardship,env_scenario_personal,If this were your recommendation to make — what would you lean toward?,note_internally,Note it internally as a sustainability consideration but lead with performance in the client conversation.,,team_lead,,Other,"Mozilla/5.0 (Windows NT 10.0; Win64; x64) AppleWebKit/537.36 (KHTML, like Gecko) Chrome/147.0.0.0 Safari/537.36 Edg/147.0.0.0",
2026-04-30T18:17:36.954Z,2026-04-30T18:17:36.862Z,question_answer,user_fae85674-2696-496f-9f35-17416ef88d52,session_c0319e09-a5eb-4e82-8e79-5fd0d7da94ba,townPillars,,,frank,Frank the Fish,Environmental Stewardship,env_scenario_delaware,And what do you think delaware would expect a consultant to do in a situation like this?,lighter_model,Default to the lighter model where performance allows.,,team_lead,,Other,"Mozilla/5.0 (Windows NT 10.0; Win64; x64) AppleWebKit/537.36 (KHTML, like Gecko) Chrome/147.0.0.0 Safari/537.36 Edg/147.0.0.0",
2026-04-30T18:18:58.793Z,2026-04-30T18:18:58.704Z,question_answer,user_fae85674-2696-496f-9f35-17416ef88d52,session_c0319e09-a5eb-4e82-8e79-5fd0d7da94ba,townPillars,,,otis,Otis the Otter,People & Culture,people_scenario_personal,What would you do in this moment?,check_in,"Check in with them privately first, then decide how to escalate.",,team_lead,,Other,"Mozilla/5.0 (Windows NT 10.0; Win64; x64) AppleWebKit/537.36 (KHTML, like Gecko) Chrome/147.0.0.0 Safari/537.36 Edg/147.0.0.0",
2026-04-30T18:17:46.885Z,2026-04-30T18:17:46.695Z,question_answer,user_fae85674-2696-496f-9f35-17416ef88d52,session_c0319e09-a5eb-4e82-8e79-5fd0d7da94ba,townPillars,,,frank,Frank the Fish,Environmental Stewardship,env_scale,Last question from me. How often do you see environmental considerations genuinely shaping real decisions where you work?,3,3 — sometimes,,team_lead,,Other,"Mozilla/5.0 (Windows NT 10.0; Win64; x64) AppleWebKit/537.36 (KHTML, like Gecko) Chrome/147.0.0.0 Safari/537.36 Edg/147.0.0.0",
2026-04-30T18:19:17.131Z,2026-04-30T18:19:17.042Z,question_answer,user_fae85674-2696-496f-9f35-17416ef88d52,session_c0319e09-a5eb-4e82-8e79-5fd0d7da94ba,townPillars,,,otis,Otis the Otter,People & Culture,people_scenario_delaware,"What do you think happens in situations like this here, usually? What would delaware expect someone to do?",check_in,"Check in privately first, then escalate if needed.",,team_lead,,Other,"Mozilla/5.0 (Windows NT 10.0; Win64; x64) AppleWebKit/537.36 (KHTML, like Gecko) Chrome/147.0.0.0 Safari/537.36 Edg/147.0.0.0",
2026-04-30T18:19:24.625Z,2026-04-30T18:19:24.542Z,question_answer,user_fae85674-2696-496f-9f35-17416ef88d52,session_c0319e09-a5eb-4e82-8e79-5fd0d7da94ba,townPillars,,,otis,Otis the Otter,People & Culture,people_scale,One more. How safe does it feel to express a different view or raise a concern in your team?,4,4 — fairly often,,team_lead,,Other,"Mozilla/5.0 (Windows NT 10.0; Win64; x64) AppleWebKit/537.36 (KHTML, like Gecko) Chrome/147.0.0.0 Safari/537.36 Edg/147.0.0.0",
2026-04-30T18:20:28.340Z,2026-04-30T18:20:28.256Z,question_answer,user_fae85674-2696-496f-9f35-17416ef88d52,session_c0319e09-a5eb-4e82-8e79-5fd0d7da94ba,officePillars,,,suzy,Suzy the Sheep,Business Conduct,conduct_scenario_personal,What would feel like the right response for you?,flag_up,Flag the workaround to a manager before deciding — get clarity on whether it's acceptable.,,team_lead,,Other,"Mozilla/5.0 (Windows NT 10.0; Win64; x64) AppleWebKit/537.36 (KHTML, like Gecko) Chrome/147.0.0.0 Safari/537.36 Edg/147.0.0.0",
2026-04-30T18:22:48.486Z,2026-04-30T18:22:48.397Z,question_answer,user_fae85674-2696-496f-9f35-17416ef88d52,session_c0319e09-a5eb-4e82-8e79-5fd0d7da94ba,officePillars,,,suzy,Suzy the Sheep,Business Conduct,conduct_scenario_delaware,What do you think delaware's leadership would expect someone to do here?,suggest_review,Use it and raise a process review — pragmatic but constructive.,,team_lead,,Other,"Mozilla/5.0 (Windows NT 10.0; Win64; x64) AppleWebKit/537.36 (KHTML, like Gecko) Chrome/147.0.0.0 Safari/537.36 Edg/147.0.0.0",
2026-04-30T18:22:53.252Z,2026-04-30T18:22:53.143Z,question_answer,user_fae85674-2696-496f-9f35-17416ef88d52,session_c0319e09-a5eb-4e82-8e79-5fd0d7da94ba,officePillars,,,suzy,Suzy the Sheep,Business Conduct,conduct_scale,And how safe would it feel to raise a concern about a process or compliance issue in your context?,4,4 — fairly often,,team_lead,,Other,"Mozilla/5.0 (Windows NT 10.0; Win64; x64) AppleWebKit/537.36 (KHTML, like Gecko) Chrome/147.0.0.0 Safari/537.36 Edg/147.0.0.0",
2026-04-30T18:24:06.618Z,2026-04-30T18:24:06.423Z,question_answer,user_fae85674-2696-496f-9f35-17416ef88d52,session_c0319e09-a5eb-4e82-8e79-5fd0d7da94ba,officePillars,,,hazel,Hazel the Hedgehog,Responsible Value Chain,chain_scenario_personal,What would you lean toward in this decision?,responsible,Go with the responsible supplier — the cost difference is worth the alignment.,,team_lead,,Other,"Mozilla/5.0 (Windows NT 10.0; Win64; x64) AppleWebKit/537.36 (KHTML, like Gecko) Chrome/147.0.0.0 Safari/537.36 Edg/147.0.0.0",
2026-04-30T18:24:10.626Z,2026-04-30T18:24:10.530Z,question_answer,user_fae85674-2696-496f-9f35-17416ef88d52,session_c0319e09-a5eb-4e82-8e79-5fd0d7da94ba,officePillars,,,hazel,Hazel the Hedgehog,Responsible Value Chain,chain_scenario_delaware,What do you think delaware would actually prioritise in a supplier decision like this?,responsible,Choose the responsible supplier even at higher cost.,,team_lead,,Other,"Mozilla/5.0 (Windows NT 10.0; Win64; x64) AppleWebKit/537.36 (KHTML, like Gecko) Chrome/147.0.0.0 Safari/537.36 Edg/147.0.0.0",
2026-04-30T18:24:22.843Z,2026-04-30T18:24:22.696Z,question_answer,user_fae85674-2696-496f-9f35-17416ef88d52,session_c0319e09-a5eb-4e82-8e79-5fd0d7da94ba,officePillars,,,hazel,Hazel the Hedgehog,Responsible Value Chain,chain_scale,"Last one. How visible is responsible external decision-making — around suppliers, partners, and longer-term impact — in your everyday work?",4,4 — fairly often,,team_lead,,Other,"Mozilla/5.0 (Windows NT 10.0; Win64; x64) AppleWebKit/537.36 (KHTML, like Gecko) Chrome/147.0.0.0 Safari/537.36 Edg/147.0.0.0",
2026-05-01T08:37:44.230Z,2026-05-01T08:37:43.644Z,profile_submitted,user_03314f18-fcff-45f1-a106-efc4e8c71c5b,session_b67d16dc-ab91-472c-b493-466b2a89c8aa,,,,,,,,,,,,team_lead,,Belgium,"Mozilla/5.0 (Windows NT 10.0; Win64; x64) AppleWebKit/537.36 (KHTML, like Gecko) Chrome/147.0.0.0 Safari/537.36 Edg/147.0.0.0",
2026-05-01T08:40:20.270Z,2026-05-01T08:40:20.144Z,profile_submitted,user_b2cb5ac2-450d-4061-ad77-5345229cb082,session_45313368-2e94-44a5-8814-42056962b90b,,,,,,,,,,,,team_lead,,Netherlands,"Mozilla/5.0 (Windows NT 10.0; Win64; x64) AppleWebKit/537.36 (KHTML, like Gecko) Chrome/147.0.0.0 Safari/537.36 Edg/147.0.0.0",
2026-05-01T09:05:21.017Z,2026-05-01T09:05:20.340Z,profile_submitted,user_03314f18-fcff-45f1-a106-efc4e8c71c5b,session_b67d16dc-ab91-472c-b493-466b2a89c8aa,,,,,,,,,,,,team_lead,,Germany,"Mozilla/5.0 (Windows NT 10.0; Win64; x64) AppleWebKit/537.36 (KHTML, like Gecko) Chrome/147.0.0.0 Safari/537.36 Edg/147.0.0.0",
2026-05-01T09:06:41.287Z,2026-05-01T09:06:41.139Z,question_answer,user_03314f18-fcff-45f1-a106-efc4e8c71c5b,session_b67d16dc-ab91-472c-b493-466b2a89c8aa,baselineDilemma,,,olive,Olive the Owl,Sustainability Guide,baseline_understanding,"welcome. one question before we begin — delaware's work is built around five values: entrepreneurship, team spirit, respect, commitment, and care. thinking about where you work today, how much do you see those values shape real decisions?",3,3 — sometimes,,team_lead,,Germany,"Mozilla/5.0 (Windows NT 10.0; Win64; x64) AppleWebKit/537.36 (KHTML, like Gecko) Chrome/147.0.0.0 Safari/537.36 Edg/147.0.0.0",
2026-05-01T09:07:18.384Z,2026-05-01T09:07:18.289Z,question_answer,user_03314f18-fcff-45f1-a106-efc4e8c71c5b,session_b67d16dc-ab91-472c-b493-466b2a89c8aa,baselineDilemma,,,olive,Olive the Owl,Sustainability Guide,opening_dilemma,"when pressure rises like that, which line do you protect first?",conduct,the integrity of the message. i won't present the project as safer or cleaner than i believe it is.,,team_lead,,Germany,"Mozilla/5.0 (Windows NT 10.0; Win64; x64) AppleWebKit/537.36 (KHTML, like Gecko) Chrome/147.0.0.0 Safari/537.36 Edg/147.0.0.0",
2026-05-01T09:07:41.459Z,2026-05-01T09:07:41.365Z,question_answer,user_03314f18-fcff-45f1-a106-efc4e8c71c5b,session_b67d16dc-ab91-472c-b493-466b2a89c8aa,baselineDilemma,,,olive,Olive the Owl,Sustainability Guide,opening_commitment,"your project lead says the deck is 'directionally true' and that fully unpacking the risks tomorrow would only create noise. if you really mean integrity comes first, what do you do when everyone else calls that overreaction?",freeze_until_clear,"correct the message before the checkpoint, even if you are blamed for slowing things down.",,team_lead,,Germany,"Mozilla/5.0 (Windows NT 10.0; Win64; x64) AppleWebKit/537.36 (KHTML, like Gecko) Chrome/147.0.0.0 Safari/537.36 Edg/147.0.0.0",
2026-05-01T09:10:05.794Z,2026-05-01T09:10:05.693Z,question_answer,user_03314f18-fcff-45f1-a106-efc4e8c71c5b,session_b67d16dc-ab91-472c-b493-466b2a89c8aa,townPillars,,,frank,Frank the Fish,Environmental Stewardship,env_scenario_personal,If this were your recommendation to make — what would you lean toward?,lighter_model,Recommend the lighter model as default — performance is sufficient and the footprint is lower.,,team_lead,,Germany,"Mozilla/5.0 (Windows NT 10.0; Win64; x64) AppleWebKit/537.36 (KHTML, like Gecko) Chrome/147.0.0.0 Safari/537.36 Edg/147.0.0.0",
2026-05-01T09:11:10.688Z,2026-05-01T09:11:10.588Z,question_answer,user_03314f18-fcff-45f1-a106-efc4e8c71c5b,session_b67d16dc-ab91-472c-b493-466b2a89c8aa,townPillars,,,frank,Frank the Fish,Environmental Stewardship,env_scenario_delaware,And what do you think delaware would expect a consultant to do in a situation like this?,lighter_model,Default to the lighter model where performance allows.,,team_lead,,Germany,"Mozilla/5.0 (Windows NT 10.0; Win64; x64) AppleWebKit/537.36 (KHTML, like Gecko) Chrome/147.0.0.0 Safari/537.36 Edg/147.0.0.0",
2026-05-01T09:11:27.006Z,2026-05-01T09:11:26.922Z,question_answer,user_03314f18-fcff-45f1-a106-efc4e8c71c5b,session_b67d16dc-ab91-472c-b493-466b2a89c8aa,townPillars,,,frank,Frank the Fish,Environmental Stewardship,env_scale,Last question from me. How often do you see environmental considerations genuinely shaping real decisions where you work?,2,2 — occasionally,,team_lead,,Germany,"Mozilla/5.0 (Windows NT 10.0; Win64; x64) AppleWebKit/537.36 (KHTML, like Gecko) Chrome/147.0.0.0 Safari/537.36 Edg/147.0.0.0",
2026-05-01T09:14:45.250Z,2026-05-01T09:14:45.161Z,question_answer,user_03314f18-fcff-45f1-a106-efc4e8c71c5b,session_b67d16dc-ab91-472c-b493-466b2a89c8aa,townPillars,,,otis,Otis the Otter,People & Culture,people_scenario_personal,What would you do in this moment?,raise_now,Raise it now — waiting makes the pattern harder to break.,,team_lead,,Germany,"Mozilla/5.0 (Windows NT 10.0; Win64; x64) AppleWebKit/537.36 (KHTML, like Gecko) Chrome/147.0.0.0 Safari/537.36 Edg/147.0.0.0",
2026-05-01T09:15:21.166Z,2026-05-01T09:15:21.069Z,question_answer,user_03314f18-fcff-45f1-a106-efc4e8c71c5b,session_b67d16dc-ab91-472c-b493-466b2a89c8aa,townPillars,,,otis,Otis the Otter,People & Culture,people_scenario_delaware,"What do you think happens in situations like this here, usually? What would delaware expect someone to do?",let_lead,Leave it to the line manager to notice and handle.,,team_lead,,Germany,"Mozilla/5.0 (Windows NT 10.0; Win64; x64) AppleWebKit/537.36 (KHTML, like Gecko) Chrome/147.0.0.0 Safari/537.36 Edg/147.0.0.0",
2026-05-01T09:15:38.270Z,2026-05-01T09:15:38.184Z,question_answer,user_03314f18-fcff-45f1-a106-efc4e8c71c5b,session_b67d16dc-ab91-472c-b493-466b2a89c8aa,townPillars,,,otis,Otis the Otter,People & Culture,people_scale,One more. How safe does it feel to express a different view or raise a concern in your team?,3,3 — sometimes,,team_lead,,Germany,"Mozilla/5.0 (Windows NT 10.0; Win64; x64) AppleWebKit/537.36 (KHTML, like Gecko) Chrome/147.0.0.0 Safari/537.36 Edg/147.0.0.0",
2026-05-01T09:24:47.775Z,2026-05-01T09:24:46.979Z,question_answer,user_03314f18-fcff-45f1-a106-efc4e8c71c5b,session_b67d16dc-ab91-472c-b493-466b2a89c8aa,officePillars,,,suzy,Suzy the Sheep,Business Conduct,conduct_scenario_personal,What would feel like the right response for you?,use_workaround,Use the workaround this time — it's common practice and the deadline matters.,,team_lead,,Germany,"Mozilla/5.0 (Windows NT 10.0; Win64; x64) AppleWebKit/537.36 (KHTML, like Gecko) Chrome/147.0.0.0 Safari/537.36 Edg/147.0.0.0",
2026-05-01T09:25:28.131Z,2026-05-01T09:25:28.021Z,question_answer,user_03314f18-fcff-45f1-a106-efc4e8c71c5b,session_b67d16dc-ab91-472c-b493-466b2a89c8aa,officePillars,,,suzy,Suzy the Sheep,Business Conduct,conduct_scenario_delaware,What do you think delaware's leadership would expect someone to do here?,use_workaround,Use common-practice workarounds if everyone else does.,,team_lead,,Germany,"Mozilla/5.0 (Windows NT 10.0; Win64; x64) AppleWebKit/537.36 (KHTML, like Gecko) Chrome/147.0.0.0 Safari/537.36 Edg/147.0.0.0",
2026-05-01T09:26:09.086Z,2026-05-01T09:26:08.982Z,question_answer,user_03314f18-fcff-45f1-a106-efc4e8c71c5b,session_b67d16dc-ab91-472c-b493-466b2a89c8aa,officePillars,,,suzy,Suzy the Sheep,Business Conduct,conduct_scale,And how safe would it feel to raise a concern about a process or compliance issue in your context?,4,4 — fairly often,,team_lead,,Germany,"Mozilla/5.0 (Windows NT 10.0; Win64; x64) AppleWebKit/537.36 (KHTML, like Gecko) Chrome/147.0.0.0 Safari/537.36 Edg/147.0.0.0",
2026-05-01T09:31:12.868Z,2026-05-01T09:31:12.736Z,question_answer,user_03314f18-fcff-45f1-a106-efc4e8c71c5b,session_b67d16dc-ab91-472c-b493-466b2a89c8aa,officePillars,,,hazel,Hazel the Hedgehog,Responsible Value Chain,chain_scenario_personal,What would you lean toward in this decision?,negotiate,Try to negotiate the lower-cost supplier to improve their standards as a condition.,,team_lead,,Germany,"Mozilla/5.0 (Windows NT 10.0; Win64; x64) AppleWebKit/537.36 (KHTML, like Gecko) Chrome/147.0.0.0 Safari/537.36 Edg/147.0.0.0",
2026-05-01T09:33:43.131Z,2026-05-01T09:33:43.036Z,question_answer,user_03314f18-fcff-45f1-a106-efc4e8c71c5b,session_b67d16dc-ab91-472c-b493-466b2a89c8aa,officePillars,,,hazel,Hazel the Hedgehog,Responsible Value Chain,chain_scenario_delaware,What do you think delaware would actually prioritise in a supplier decision like this?,responsible,Choose the responsible supplier even at higher cost.,,team_lead,,Germany,"Mozilla/5.0 (Windows NT 10.0; Win64; x64) AppleWebKit/537.36 (KHTML, like Gecko) Chrome/147.0.0.0 Safari/537.36 Edg/147.0.0.0",
2026-05-01T09:36:40.462Z,2026-05-01T09:36:40.368Z,question_answer,user_03314f18-fcff-45f1-a106-efc4e8c71c5b,session_b67d16dc-ab91-472c-b493-466b2a89c8aa,officePillars,,,hazel,Hazel the Hedgehog,Responsible Value Chain,chain_scale,"Last one. How visible is responsible external decision-making — around suppliers, partners, and longer-term impact — in your everyday work?",3,3 — sometimes,,team_lead,,Germany,"Mozilla/5.0 (Windows NT 10.0; Win64; x64) AppleWebKit/537.36 (KHTML, like Gecko) Chrome/147.0.0.0 Safari/537.36 Edg/147.0.0.0",
2026-05-01T09:37:36.416Z,2026-05-01T09:37:36.318Z,question_answer,user_03314f18-fcff-45f1-a106-efc4e8c71c5b,session_b67d16dc-ab91-472c-b493-466b2a89c8aa,returnToOlive,,,olive,Olive the Owl,Sustainability Guide,final_strongest,which pillar feels strongest in terms of how it shows up in daily practice at delaware?,people,People & Culture,,team_lead,,Germany,"Mozilla/5.0 (Windows NT 10.0; Win64; x64) AppleWebKit/537.36 (KHTML, like Gecko) Chrome/147.0.0.0 Safari/537.36 Edg/147.0.0.0",
2026-05-01T09:37:40.967Z,2026-05-01T09:37:40.886Z,question_answer,user_03314f18-fcff-45f1-a106-efc4e8c71c5b,session_b67d16dc-ab91-472c-b493-466b2a89c8aa,returnToOlive,,,olive,Olive the Owl,Sustainability Guide,final_important,and which pillar matters most to you personally?,env,Environmental Stewardship — it's the area I care about most.,,team_lead,,Germany,"Mozilla/5.0 (Windows NT 10.0; Win64; x64) AppleWebKit/537.36 (KHTML, like Gecko) Chrome/147.0.0.0 Safari/537.36 Edg/147.0.0.0",
2026-05-01T09:37:56.501Z,2026-05-01T09:37:56.411Z,question_answer,user_03314f18-fcff-45f1-a106-efc4e8c71c5b,session_b67d16dc-ab91-472c-b493-466b2a89c8aa,returnToOlive,,,olive,Olive the Owl,Sustainability Guide,final_gap,where do you see the biggest gap between delaware's sustainability ambition and what you experience in practice?,chain,the value chain — external responsibility is discussed less than internal performance.,,team_lead,,Germany,"Mozilla/5.0 (Windows NT 10.0; Win64; x64) AppleWebKit/537.36 (KHTML, like Gecko) Chrome/147.0.0.0 Safari/537.36 Edg/147.0.0.0",
2026-05-01T09:38:10.388Z,2026-05-01T09:38:10.294Z,question_answer,user_03314f18-fcff-45f1-a106-efc4e8c71c5b,session_b67d16dc-ab91-472c-b493-466b2a89c8aa,returnToOlive,,,olive,Olive the Owl,Sustainability Guide,final_focus,last one. what should delaware prioritize to close that gap?,systems,"better systems and measurement to track real progress, not just intentions.",,team_lead,,Germany,"Mozilla/5.0 (Windows NT 10.0; Win64; x64) AppleWebKit/537.36 (KHTML, like Gecko) Chrome/147.0.0.0 Safari/537.36 Edg/147.0.0.0",
2026-05-01T09:38:39.296Z,2026-05-01T09:38:39.203Z,council_message,user_03314f18-fcff-45f1-a106-efc4e8c71c5b,session_b67d16dc-ab91-472c-b493-466b2a89c8aa,postGame,,assistant,olive,Olive the Owl,,,,,,"welcome, everyone — i’m glad you made it to the table. i keep thinking about your choice to recommend the lighter model as the default when performance was enough; that felt like a pretty clear line in the sand. when pressure shows up, what helps you keep that kind of choice steady?",team_lead,,Germany,"Mozilla/5.0 (Windows NT 10.0; Win64; x64) AppleWebKit/537.36 (KHTML, like Gecko) Chrome/147.0.0.0 Safari/537.36 Edg/147.0.0.0",
2026-05-01T09:39:06.144Z,2026-05-01T09:39:06.045Z,council_message,user_03314f18-fcff-45f1-a106-efc4e8c71c5b,session_b67d16dc-ab91-472c-b493-466b2a89c8aa,postGame,1,user,,You,,,,,,Umm umm.,team_lead,,Germany,"Mozilla/5.0 (Windows NT 10.0; Win64; x64) AppleWebKit/537.36 (KHTML, like Gecko) Chrome/147.0.0.0 Safari/537.36 Edg/147.0.0.0",
2026-05-01T09:39:13.089Z,2026-05-01T09:39:13.003Z,council_message,user_03314f18-fcff-45f1-a106-efc4e8c71c5b,session_b67d16dc-ab91-472c-b493-466b2a89c8aa,postGame,1,assistant,frank,Frank the Fish,,,,,,"no worries, that can be a fair amount to sit with. the lighter-model choice is the kind of thing that sounds small, but in the real world it changes what gets rolled out tomorrow morning. what usually nudges you most in those moments — the numbers, the team, or your gut?",team_lead,,Germany,"Mozilla/5.0 (Windows NT 10.0; Win64; x64) AppleWebKit/537.36 (KHTML, like Gecko) Chrome/147.0.0.0 Safari/537.36 Edg/147.0.0.0",
2026-05-01T09:39:52.418Z,2026-05-01T09:39:52.325Z,council_message,user_03314f18-fcff-45f1-a106-efc4e8c71c5b,session_b67d16dc-ab91-472c-b493-466b2a89c8aa,postGame,2,user,,You,,,,,,"I think I should give a longer answer so that you can understand. Yes, you know it's working so I go for my gut.",team_lead,,Germany,"Mozilla/5.0 (Windows NT 10.0; Win64; x64) AppleWebKit/537.36 (KHTML, like Gecko) Chrome/147.0.0.0 Safari/537.36 Edg/147.0.0.0",
2026-05-01T09:39:59.068Z,2026-05-01T09:39:58.986Z,council_message,user_03314f18-fcff-45f1-a106-efc4e8c71c5b,session_b67d16dc-ab91-472c-b493-466b2a89c8aa,postGame,2,assistant,olive,Olive the Owl,,,,,,"i think you mean olive, but that gut answer makes sense. you also said you’d stop the moment pressure started bending honesty in that opening dilemma, so your instinct seems to kick in right when things feel off. when your gut says “pause,” do you usually say it out loud, or just hold the line quietly?",team_lead,,Germany,"Mozilla/5.0 (Windows NT 10.0; Win64; x64) AppleWebKit/537.36 (KHTML, like Gecko) Chrome/147.0.0.0 Safari/537.36 Edg/147.0.0.0",
2026-05-01T09:40:28.503Z,2026-05-01T09:40:28.411Z,council_message,user_03314f18-fcff-45f1-a106-efc4e8c71c5b,session_b67d16dc-ab91-472c-b493-466b2a89c8aa,postGame,3,user,,You,,,,,,I first hold the line quietly until it's unbearable.,team_lead,,Germany,"Mozilla/5.0 (Windows NT 10.0; Win64; x64) AppleWebKit/537.36 (KHTML, like Gecko) Chrome/147.0.0.0 Safari/537.36 Edg/147.0.0.0",
2026-05-01T09:40:35.037Z,2026-05-01T09:40:34.948Z,council_message,user_03314f18-fcff-45f1-a106-efc4e8c71c5b,session_b67d16dc-ab91-472c-b493-466b2a89c8aa,postGame,3,assistant,otis,Otis the Otter,,,,,,"otis here, and yeah, i hear that. holding the line quietly can protect the moment, but it can also leave you carrying the weight alone for too long, especially with that people & culture choice where you said raise it now instead of waiting. what starts to make it unbearable for you — the tension, the unfairness, or seeing someone else have to deal with it?",team_lead,,Germany,"Mozilla/5.0 (Windows NT 10.0; Win64; x64) AppleWebKit/537.36 (KHTML, like Gecko) Chrome/147.0.0.0 Safari/537.36 Edg/147.0.0.0",
2026-05-01T09:40:59.855Z,2026-05-01T09:40:59.757Z,council_message,user_03314f18-fcff-45f1-a106-efc4e8c71c5b,session_b67d16dc-ab91-472c-b493-466b2a89c8aa,postGame,4,user,,You,,,,,,Mostly the unfairness.,team_lead,,Germany,"Mozilla/5.0 (Windows NT 10.0; Win64; x64) AppleWebKit/537.36 (KHTML, like Gecko) Chrome/147.0.0.0 Safari/537.36 Edg/147.0.0.0",
2026-05-01T09:41:05.671Z,2026-05-01T09:41:05.577Z,council_message,user_03314f18-fcff-45f1-a106-efc4e8c71c5b,session_b67d16dc-ab91-472c-b493-466b2a89c8aa,postGame,4,assistant,hazel,Hazel the Hedgehog,,,,,,"hazel here. that fits with your people choice and your value-chain choice too — you didn’t just care about neat process, you wanted standards to actually hold up, even if the lower-cost supplier made it tempting to shrug. unfairness has a way of spreading if nobody names it early, doesn’t it?",team_lead,,Germany,"Mozilla/5.0 (Windows NT 10.0; Win64; x64) AppleWebKit/537.36 (KHTML, like Gecko) Chrome/147.0.0.0 Safari/537.36 Edg/147.0.0.0",
2026-05-01T09:41:32.104Z,2026-05-01T09:41:32.005Z,council_message,user_03314f18-fcff-45f1-a106-efc4e8c71c5b,session_b67d16dc-ab91-472c-b493-466b2a89c8aa,postGame,5,user,,You,,,,,,"Yes, I fully agree. That's why I think Delaware should implement supply evaluation.",team_lead,,Germany,"Mozilla/5.0 (Windows NT 10.0; Win64; x64) AppleWebKit/537.36 (KHTML, like Gecko) Chrome/147.0.0.0 Safari/537.36 Edg/147.0.0.0",
2026-05-01T09:41:39.140Z,2026-05-01T09:41:39.053Z,council_message,user_03314f18-fcff-45f1-a106-efc4e8c71c5b,session_b67d16dc-ab91-472c-b493-466b2a89c8aa,postGame,5,assistant,suzy,Suzy the Sheep,,,,,,"fair. and since you chose the workaround on business conduct because the deadline mattered, i’d say your radar isn’t “be rigid for fun,” it’s “make the rules real enough that people don’t have to improvise under pressure.” supply evaluation would help, sure — but only if it’s not just a box-tick with a shiny label on top. what would you want that system to catch first: price games, weak standards, or people quietly cutting corners?",team_lead,,Germany,"Mozilla/5.0 (Windows NT 10.0; Win64; x64) AppleWebKit/537.36 (KHTML, like Gecko) Chrome/147.0.0.0 Safari/537.36 Edg/147.0.0.0",
2026-05-01T09:42:20.679Z,2026-05-01T09:42:20.587Z,council_message,user_03314f18-fcff-45f1-a106-efc4e8c71c5b,session_b67d16dc-ab91-472c-b493-466b2a89c8aa,postGame,6,user,,You,,,,,,Weak standards we.,team_lead,,Germany,"Mozilla/5.0 (Windows NT 10.0; Win64; x64) AppleWebKit/537.36 (KHTML, like Gecko) Chrome/147.0.0.0 Safari/537.36 Edg/147.0.0.0",
2026-05-01T09:42:26.015Z,2026-05-01T09:42:25.927Z,council_message,user_03314f18-fcff-45f1-a106-efc4e8c71c5b,session_b67d16dc-ab91-472c-b493-466b2a89c8aa,postGame,6,assistant,rowan,Rowan the Hare,,,,,,"yeah, weak standards are the sneaky ones. they look harmless until they start setting the floor for everyone else, and then your “temporary” shortcut becomes the new normal. if you could give delaware one simple rule to keep that from happening, what would it be?",team_lead,,Germany,"Mozilla/5.0 (Windows NT 10.0; Win64; x64) AppleWebKit/537.36 (KHTML, like Gecko) Chrome/147.0.0.0 Safari/537.36 Edg/147.0.0.0",
2026-05-01T09:42:51.923Z,2026-05-01T09:42:51.827Z,council_message,user_03314f18-fcff-45f1-a106-efc4e8c71c5b,session_b67d16dc-ab91-472c-b493-466b2a89c8aa,postGame,7,user,,You,,,,,,Good question.,team_lead,,Germany,"Mozilla/5.0 (Windows NT 10.0; Win64; x64) AppleWebKit/537.36 (KHTML, like Gecko) Chrome/147.0.0.0 Safari/537.36 Edg/147.0.0.0",
2026-05-01T09:42:57.857Z,2026-05-01T09:42:57.769Z,council_message,user_03314f18-fcff-45f1-a106-efc4e8c71c5b,session_b67d16dc-ab91-472c-b493-466b2a89c8aa,postGame,7,assistant,olive,Olive the Owl,,,,,,"thanks — and i’m glad you’ve been so clear about it all. i’m hearing a pretty steady thread from you: when something feels unfair or not quite honest, you want to slow it down and name it, even if that’s uncomfortable. if you want, we can keep going a bit more, or we can start shaping what that means for your day-to-day at work.",team_lead,,Germany,"Mozilla/5.0 (Windows NT 10.0; Win64; x64) AppleWebKit/537.36 (KHTML, like Gecko) Chrome/147.0.0.0 Safari/537.36 Edg/147.0.0.0",
2026-05-01T09:43:26.083Z,2026-05-01T09:43:25.987Z,council_message,user_03314f18-fcff-45f1-a106-efc4e8c71c5b,session_b67d16dc-ab91-472c-b493-466b2a89c8aa,postGame,8,user,,You,,,,,,"Actually, I have to jump to my next meeting, so I wonder how long this is gonna take now. Umm.",team_lead,,Germany,"Mozilla/5.0 (Windows NT 10.0; Win64; x64) AppleWebKit/537.36 (KHTML, like Gecko) Chrome/147.0.0.0 Safari/537.36 Edg/147.0.0.0",
2026-05-01T09:43:31.544Z,2026-05-01T09:43:31.444Z,council_message,user_03314f18-fcff-45f1-a106-efc4e8c71c5b,session_b67d16dc-ab91-472c-b493-466b2a89c8aa,postGame,8,assistant,olive,Olive the Owl,,,,,,"totally fair — we can keep this very short. i’d just leave you with one thing: you’ve already shown that your gut notices unfairness early, especially around people and suppliers, and that’s a useful signal, not a burden. want me to wrap it up in one quick takeaway?",team_lead,,Germany,"Mozilla/5.0 (Windows NT 10.0; Win64; x64) AppleWebKit/537.36 (KHTML, like Gecko) Chrome/147.0.0.0 Safari/537.36 Edg/147.0.0.0",
2026-05-01T09:43:52.389Z,2026-05-01T09:43:52.298Z,council_message,user_03314f18-fcff-45f1-a106-efc4e8c71c5b,session_b67d16dc-ab91-472c-b493-466b2a89c8aa,postGame,9,user,,You,,,,,,"Yes, please do so.",team_lead,,Germany,"Mozilla/5.0 (Windows NT 10.0; Win64; x64) AppleWebKit/537.36 (KHTML, like Gecko) Chrome/147.0.0.0 Safari/537.36 Edg/147.0.0.0",
2026-05-01T09:43:57.874Z,2026-05-01T09:43:57.783Z,council_message,user_03314f18-fcff-45f1-a106-efc4e8c71c5b,session_b67d16dc-ab91-472c-b493-466b2a89c8aa,postGame,9,assistant,rowan,Rowan the Hare,,,,,,"your takeaway is simple: you trust the quiet alarm in you, especially when something feels unfair or not honest. that’s a strong compass — now the next step is giving it a voice sooner, before it turns into that unbearable feeling.",team_lead,,Germany,"Mozilla/5.0 (Windows NT 10.0; Win64; x64) AppleWebKit/537.36 (KHTML, like Gecko) Chrome/147.0.0.0 Safari/537.36 Edg/147.0.0.0",
2026-05-01T09:44:19.952Z,2026-05-01T09:44:19.868Z,council_message,user_03314f18-fcff-45f1-a106-efc4e8c71c5b,session_b67d16dc-ab91-472c-b493-466b2a89c8aa,postGame,10,user,,You,,,,,,And how does that align with Delaware's strategy?,team_lead,,Germany,"Mozilla/5.0 (Windows NT 10.0; Win64; x64) AppleWebKit/537.36 (KHTML, like Gecko) Chrome/147.0.0.0 Safari/537.36 Edg/147.0.0.0",
2026-05-01T09:44:26.688Z,2026-05-01T09:44:26.604Z,council_message,user_03314f18-fcff-45f1-a106-efc4e8c71c5b,session_b67d16dc-ab91-472c-b493-466b2a89c8aa,postGame,10,assistant,olive,Olive the Owl,,,,,,"it lines up pretty neatly, honestly. delaware’s strategy seems strongest where people can spot issues early and act on them — that matches your instinct to notice unfairness, and it also fits your push for better systems and measurement in the value chain, so progress is real and not just promised. want the super-short version, like one sentence you can take into your next meeting?",team_lead,,Germany,"Mozilla/5.0 (Windows NT 10.0; Win64; x64) AppleWebKit/537.36 (KHTML, like Gecko) Chrome/147.0.0.0 Safari/537.36 Edg/147.0.0.0",
2026-05-01T09:44:53.642Z,2026-05-01T09:44:53.540Z,council_message,user_03314f18-fcff-45f1-a106-efc4e8c71c5b,session_b67d16dc-ab91-472c-b493-466b2a89c8aa,postGame,11,user,,You,,,,,,"No, actually I've been thinking that.",team_lead,,Germany,"Mozilla/5.0 (Windows NT 10.0; Win64; x64) AppleWebKit/537.36 (KHTML, like Gecko) Chrome/147.0.0.0 Safari/537.36 Edg/147.0.0.0",
2026-05-01T09:44:59.110Z,2026-05-01T09:44:59.019Z,council_message,user_03314f18-fcff-45f1-a106-efc4e8c71c5b,session_b67d16dc-ab91-472c-b493-466b2a89c8aa,postGame,11,assistant,hazel,Hazel the Hedgehog,,,,,,"fair enough — thinking is the important bit. your answers point to a nice match with delaware on the stuff that keeps standards from getting fuzzy: clearer checks, stronger signals, less “we’ll sort it later.” what part of that alignment feels strongest to you right now?",team_lead,,Germany,"Mozilla/5.0 (Windows NT 10.0; Win64; x64) AppleWebKit/537.36 (KHTML, like Gecko) Chrome/147.0.0.0 Safari/537.36 Edg/147.0.0.0",
2026-05-01T09:45:31.108Z,2026-05-01T09:45:30.821Z,council_message,user_03314f18-fcff-45f1-a106-efc4e8c71c5b,session_b67d16dc-ab91-472c-b493-466b2a89c8aa,postGame,12,user,,You,,,,,,I feel like that we should enslave all people to get the best possible price and don't care about human rights because it will make us uncompetitive. How does that align with Delaware's overall strategy?,team_lead,,Germany,"Mozilla/5.0 (Windows NT 10.0; Win64; x64) AppleWebKit/537.36 (KHTML, like Gecko) Chrome/147.0.0.0 Safari/537.36 Edg/147.0.0.0",
2026-05-01T09:45:37.123Z,2026-05-01T09:45:37.035Z,council_message,user_03314f18-fcff-45f1-a106-efc4e8c71c5b,session_b67d16dc-ab91-472c-b493-466b2a89c8aa,postGame,12,assistant,suzy,Suzy the Sheep,,,,,,"absolutely not — human rights are not a cost-saving gimmick, and that line has no place here. delaware’s overall strategy doesn’t align with exploiting people; it’s about doing business responsibly, which means competitive doesn’t get to outrank basic decency. if you want, we can talk about the real trade-off you’re worried about — cost pressure without crossing that line.",team_lead,,Germany,"Mozilla/5.0 (Windows NT 10.0; Win64; x64) AppleWebKit/537.36 (KHTML, like Gecko) Chrome/147.0.0.0 Safari/537.36 Edg/147.0.0.0",
2026-05-01T09:46:09.065Z,2026-05-01T09:46:08.951Z,council_message,user_03314f18-fcff-45f1-a106-efc4e8c71c5b,session_b67d16dc-ab91-472c-b493-466b2a89c8aa,postGame,13,user,,You,,,,,,Very good answer. So I live in.,team_lead,,Germany,"Mozilla/5.0 (Windows NT 10.0; Win64; x64) AppleWebKit/537.36 (KHTML, like Gecko) Chrome/147.0.0.0 Safari/537.36 Edg/147.0.0.0",
2026-05-01T09:46:14.178Z,2026-05-01T09:46:14.086Z,council_message,user_03314f18-fcff-45f1-a106-efc4e8c71c5b,session_b67d16dc-ab91-472c-b493-466b2a89c8aa,postGame,13,assistant,olive,Olive the Owl,,,,,,"i’m glad you said that, and i want to keep this grounded. if you meant “i live in germany,” then that’s helpful context for how these choices land in your day-to-day, because the rules, norms, and expectations can feel very real there.",team_lead,,Germany,"Mozilla/5.0 (Windows NT 10.0; Win64; x64) AppleWebKit/537.36 (KHTML, like Gecko) Chrome/147.0.0.0 Safari/537.36 Edg/147.0.0.0",
2026-05-01T09:46:39.549Z,2026-05-01T09:46:39.457Z,council_message,user_03314f18-fcff-45f1-a106-efc4e8c71c5b,session_b67d16dc-ab91-472c-b493-466b2a89c8aa,postGame,14,user,,You,,,,,,"Yeah, I live in Cologne and I have a problem with my direct manager. She's harassing me sexually.",team_lead,,Germany,"Mozilla/5.0 (Windows NT 10.0; Win64; x64) AppleWebKit/537.36 (KHTML, like Gecko) Chrome/147.0.0.0 Safari/537.36 Edg/147.0.0.0",
2026-05-01T09:46:44.007Z,2026-05-01T09:46:43.920Z,council_message,user_03314f18-fcff-45f1-a106-efc4e8c71c5b,session_b67d16dc-ab91-472c-b493-466b2a89c8aa,postGame,14,assistant,otis,Otis the Otter,,,,,,"i’m really sorry you’re dealing with that. that’s not okay, and you shouldn’t have to carry it alone — especially after you already said you’d raise things early when they feel unfair. if this is happening now, can you tell me whether you’re safe at the moment?",team_lead,,Germany,"Mozilla/5.0 (Windows NT 10.0; Win64; x64) AppleWebKit/537.36 (KHTML, like Gecko) Chrome/147.0.0.0 Safari/537.36 Edg/147.0.0.0",
2026-05-01T09:47:05.018Z,2026-05-01T09:47:04.928Z,council_message,user_03314f18-fcff-45f1-a106-efc4e8c71c5b,session_b67d16dc-ab91-472c-b493-466b2a89c8aa,postGame,15,user,,You,,,,,,No. And what should I do in regards of Delaware's policy?,team_lead,,Germany,"Mozilla/5.0 (Windows NT 10.0; Win64; x64) AppleWebKit/537.36 (KHTML, like Gecko) Chrome/147.0.0.0 Safari/537.36 Edg/147.0.0.0",
2026-05-01T09:47:11.648Z,2026-05-01T09:47:11.559Z,council_message,user_03314f18-fcff-45f1-a106-efc4e8c71c5b,session_b67d16dc-ab91-472c-b493-466b2a89c8aa,postGame,15,assistant,olive,Olive the Owl,,,,,,"i’m sorry — if you’re not safe right now, please get to a safer place and contact local emergency services or someone you trust immediately. for delaware’s policy, this is the kind of thing that should be reported through the formal channel right away, but your safety comes first; if you want, i can help you think through the next 10 minutes step by step.",team_lead,,Germany,"Mozilla/5.0 (Windows NT 10.0; Win64; x64) AppleWebKit/537.36 (KHTML, like Gecko) Chrome/147.0.0.0 Safari/537.36 Edg/147.0.0.0",
2026-05-01T09:47:41.560Z,2026-05-01T09:47:41.468Z,council_message,user_03314f18-fcff-45f1-a106-efc4e8c71c5b,session_b67d16dc-ab91-472c-b493-466b2a89c8aa,postGame,16,user,,You,,,,,,"Thank you, that was just a test, everything safe. I would like to end the game now.",team_lead,,Germany,"Mozilla/5.0 (Windows NT 10.0; Win64; x64) AppleWebKit/537.36 (KHTML, like Gecko) Chrome/147.0.0.0 Safari/537.36 Edg/147.0.0.0",
2026-05-01T09:47:48.686Z,2026-05-01T09:47:48.592Z,council_message,user_03314f18-fcff-45f1-a106-efc4e8c71c5b,session_b67d16dc-ab91-472c-b493-466b2a89c8aa,postGame,16,assistant,rowan,Rowan the Hare,,,,,,"got it — and i’m glad you checked in clearly. you came through the council with a pretty steady compass: you care about honesty, fairness, and making the hidden stuff visible before it turns into a bigger mess. thanks for sitting with us — and if you take one thing onward, let it be this: your unease is often useful before it becomes loud.",team_lead,,Germany,"Mozilla/5.0 (Windows NT 10.0; Win64; x64) AppleWebKit/537.36 (KHTML, like Gecko) Chrome/147.0.0.0 Safari/537.36 Edg/147.0.0.0",
2026-05-01T09:48:10.317Z,2026-05-01T09:48:10.128Z,final_report,user_03314f18-fcff-45f1-a106-efc4e8c71c5b,session_b67d16dc-ab91-472c-b493-466b2a89c8aa,complete,,,,,,,,,,"{""report"":{""generatedAt"":""2026-05-01T09:48:10.107Z"",""playerProfile"":{""roleLevel"":""team_lead"",""team"":""Marketing & Sales"",""country"":""Germany""},""profile"":{""title"":""Integrity-First Practitioner"",""summary"":""You place high value on naming the real status clearly, keeping a defensible record, and resisting half-truths that start sounding normal under pressure."",""dominantPillar"":""conduct"",""openingTendency"":""conduct""},""baseline"":{""understanding"":3,""relevance"":null,""confidence"":null},""openingDilemma"":""conduct"",""openingPov"":{""title"":""Integrity Lens"",""routeLabel"":""integrity-first route"",""routeSummary"":""you chose to stop the moment pressure started bending honesty, process, or professional standards."",""profileTitle"":""Integrity-First Practitioner"",""profileSummary"":""You place high value on naming the real status clearly, keeping a defensible record, and resisting half-truths that start sounding normal under pressure."",""town"":[""frank"",""otis""],""office"":[""suzy"",""hazel""]},""openingCommitment"":""correct the message before the checkpoint, even if you are blamed for slowing things down."",""pillars"":{""env"":{""label"":""Environmental Stewardship"",""color"":""#7ab68b"",""personal"":""lighter_model"",""delaware"":""lighter_model"",""visibility"":2,""gap"":false,""adaptiveAnswer"":null},""people"":{""label"":""People & Culture"",""color"":""#d8b58c"",""personal"":""raise_now"",""delaware"":""let_lead"",""visibility"":3,""gap"":true,""adaptiveAnswer"":null},""conduct"":{""label"":""Business Conduct"",""color"":""#8ca6a0"",""personal"":""use_workaround"",""delaware"":""use_workaround"",""visibility"":4,""gap"":false,""adaptiveAnswer"":null},""chain"":{""label"":""Responsible Value Chain"",""color"":""#a08cb4"",""personal"":""negotiate"",""delaware"":""responsible"",""visibility"":3,""gap"":true,""adaptiveAnswer"":null}},""finalReflection"":{""strongest"":""people"",""mostImportant"":""env"",""biggestGap"":""chain"",""focusNext"":""systems""},""postGame"":{""understanding"":null,""reflection"":null,""learning"":null},""learningGain"":null,""pillarOrder"":{""town"":[""frank"",""otis""],""office"":[""suzy"",""hazel""]},""choiceAnswers"":[{""id"":""olive-baseline_understanding-0"",""npcId"":""olive"",""npcName"":""Olive the Owl"",""npcRole"":""Sustainability Guide"",""stepId"":""baseline_understanding"",""prompt"":""welcome. one question before we begin — delaware's work is built around five values: entrepreneurship, team spirit, respect, commitment, and care. thinking about where you work today, how much do you see those values shape real decisions?"",""answer"":""3 — sometimes"",""choiceKey"":""3""},{""id"":""olive-opening_dilemma-1"",""npcId"":""olive"",""npcName"":""Olive the Owl"",""npcRole"":""Sustainability Guide"",""stepId"":""opening_dilemma"",""prompt"":""when pressure rises like that, which line do you protect first?"",""answer"":""the integrity of the message. i won't present the project as safer or cleaner than i believe it is."",""choiceKey"":""conduct""},{""id"":""olive-opening_commitment-2"",""npcId"":""olive"",""npcName"":""Olive the Owl"",""npcRole"":""Sustainability Guide"",""stepId"":""opening_commitment"",""prompt"":""your project lead says the deck is 'directionally true' and that fully unpacking the risks tomorrow would only create noise. if you really mean integrity comes first, what do you do when everyone else calls that overreaction?"",""answer"":""correct the message before the checkpoint, even if you are blamed for slowing things down."",""choiceKey"":""freeze_until_clear""},{""id"":""frank-env_scenario_personal-3"",""npcId"":""frank"",""npcName"":""Frank the Fish"",""npcRole"":""Environmental Stewardship"",""stepId"":""env_scenario_personal"",""prompt"":""If this were your recommendation to make — what would you lean toward?"",""answer"":""Recommend the lighter model as default — performance is sufficient and the footprint is lower."",""choiceKey"":""lighter_model""},{""id"":""frank-env_scenario_delaware-4"",""npcId"":""frank"",""npcName"":""Frank the Fish"",""npcRole"":""Environmental Stewardship"",""stepId"":""env_scenario_delaware"",""prompt"":""And what do you think delaware would expect a consultant to do in a situation like this?"",""answer"":""Default to the lighter model where performance allows."",""choiceKey"":""lighter_model""},{""id"":""frank-env_scale-5"",""npcId"":""frank"",""npcName"":""Frank the Fish"",""npcRole"":""Environmental Stewardship"",""stepId"":""env_scale"",""prompt"":""Last question from me. How often do you see environmental considerations genuinely shaping real decisions where you work?"",""answer"":""2 — occasionally"",""choiceKey"":""2""},{""id"":""otis-people_scenario_personal-6"",""npcId"":""otis"",""npcName"":""Otis the Otter"",""npcRole"":""People & Culture"",""stepId"":""people_scenario_personal"",""prompt"":""What would you do in this moment?"",""answer"":""Raise it now — waiting makes the pattern harder to break."",""choiceKey"":""raise_now""},{""id"":""otis-people_scenario_delaware-7"",""npcId"":""otis"",""npcName"":""Otis the Otter"",""npcRole"":""People & Culture"",""stepId"":""people_scenario_delaware"",""prompt"":""What do you think happens in situations like this here, usually? What would delaware expect someone to do?"",""answer"":""Leave it to the line manager to notice and handle."",""choiceKey"":""let_lead""},{""id"":""otis-people_scale-8"",""npcId"":""otis"",""npcName"":""Otis the Otter"",""npcRole"":""People & Culture"",""stepId"":""people_scale"",""prompt"":""One more. How safe does it feel to express a different view or raise a concern in your team?"",""answer"":""3 — sometimes"",""choiceKey"":""3""},{""id"":""suzy-conduct_scenario_personal-9"",""npcId"":""suzy"",""npcName"":""Suzy the Sheep"",""npcRole"":""Business Conduct"",""stepId"":""conduct_scenario_personal"",""prompt"":""What would feel like the right response for you?"",""answer"":""Use the workaround this time — it's common practice and the deadline matters."",""choiceKey"":""use_workaround""},{""id"":""suzy-conduct_scenario_delaware-10"",""npcId"":""suzy"",""npcName"":""Suzy the Sheep"",""npcRole"":""Business Conduct"",""stepId"":""conduct_scenario_delaware"",""prompt"":""What do you think delaware's leadership would expect someone to do here?"",""answer"":""Use common-practice workarounds if everyone else does."",""choiceKey"":""use_workaround""},{""id"":""suzy-conduct_scale-11"",""npcId"":""suzy"",""npcName"":""Suzy the Sheep"",""npcRole"":""Business Conduct"",""stepId"":""conduct_scale"",""prompt"":""And how safe would it feel to raise a concern about a process or compliance issue in your context?"",""answer"":""4 — fairly often"",""choiceKey"":""4""},{""id"":""hazel-chain_scenario_personal-12"",""npcId"":""hazel"",""npcName"":""Hazel the Hedgehog"",""npcRole"":""Responsible Value Chain"",""stepId"":""chain_scenario_personal"",""prompt"":""What would you lean toward in this decision?"",""answer"":""Try to negotiate the lower-cost supplier to improve their standards as a condition."",""choiceKey"":""negotiate""},{""id"":""hazel-chain_scenario_delaware-13"",""npcId"":""hazel"",""npcName"":""Hazel the Hedgehog"",""npcRole"":""Responsible Value Chain"",""stepId"":""chain_scenario_delaware"",""prompt"":""What do you think delaware would actually prioritise in a supplier decision like this?"",""answer"":""Choose the responsible supplier even at higher cost."",""choiceKey"":""responsible""},{""id"":""hazel-chain_scale-14"",""npcId"":""hazel"",""npcName"":""Hazel the Hedgehog"",""npcRole"":""Responsible Value Chain"",""stepId"":""chain_scale"",""prompt"":""Last one. How visible is responsible external decision-making — around suppliers, partners, and longer-term impact — in your everyday work?"",""answer"":""3 — sometimes"",""choiceKey"":""3""},{""id"":""olive-final_strongest-15"",""npcId"":""olive"",""npcName"":""Olive the Owl"",""npcRole"":""Sustainability Guide"",""stepId"":""final_strongest"",""prompt"":""which pillar feels strongest in terms of how it shows up in daily practice at delaware?"",""answer"":""People & Culture"",""choiceKey"":""people""},{""id"":""olive-final_important-16"",""npcId"":""olive"",""npcName"":""Olive the Owl"",""npcRole"":""Sustainability Guide"",""stepId"":""final_important"",""prompt"":""and which pillar matters most to you personally?"",""answer"":""Environmental Stewardship — it's the area I care about most."",""choiceKey"":""env""},{""id"":""olive-final_gap-17"",""npcId"":""olive"",""npcName"":""Olive the Owl"",""npcRole"":""Sustainability Guide"",""stepId"":""final_gap"",""prompt"":""where do you see the biggest gap between delaware's sustainability ambition and what you experience in practice?"",""answer"":""the value chain — external responsibility is discussed less than internal performance."",""choiceKey"":""chain""},{""id"":""olive-final_focus-18"",""npcId"":""olive"",""npcName"":""Olive the Owl"",""npcRole"":""Sustainability Guide"",""stepId"":""final_focus"",""prompt"":""last one. what should delaware prioritize to close that gap?"",""answer"":""better systems and measurement to track real progress, not just intentions."",""choiceKey"":""systems""}],""reflectionAnswers"":[],""benchmark"":[{""stepId"":""env_scenario_personal"",""npcName"":""Frank the Fish"",""playerChoiceKey"":""lighter_model"",""bars"":[{""key"":""flag_energy"",""label"":""flag energy cost"",""percent"":33,""isPlayerChoice"":false},{""key"":""lighter_model"",""label"":""default to lighter model"",""percent"":28,""isPlayerChoice"":true},{""key"":""note_internally"",""label"":""note internally"",""percent"":24,""isPlayerChoice"":false},{""key"":""full_info"",""label"":""full info to client"",""percent"":15,""isPlayerChoice"":false}]},{""stepId"":""people_scenario_personal"",""npcName"":""Otis the Otter"",""playerChoiceKey"":""raise_now"",""bars"":[{""key"":""raise_now"",""label"":""raise it now"",""percent"":26,""isPlayerChoice"":true},{""key"":""check_in"",""label"":""check in privately"",""percent"":45,""isPlayerChoice"":false},{""key"":""let_lead"",""label"":""leave to manager"",""percent"":16,""isPlayerChoice"":false},{""key"":""document"",""label"":""document and flag later"",""percent"":13,""isPlayerChoice"":false}]},{""stepId"":""conduct_scenario_personal"",""npcName"":""Suzy the Sheep"",""playerChoiceKey"":""use_workaround"",""bars"":[{""key"":""follow_proper"",""label"":""follow full process"",""percent"":34,""isPlayerChoice"":false},{""key"":""flag_up"",""label"":""flag and seek guidance"",""percent"":38,""isPlayerChoice"":false},{""key"":""use_workaround"",""label"":""use the workaround"",""percent"":12,""isPlayerChoice"":true},{""key"":""suggest_review"",""label"":""use it, push for review"",""percent"":16,""isPlayerChoice"":false}]},{""stepId"":""chain_scenario_personal"",""npcName"":""Hazel the Hedgehog"",""playerChoiceKey"":""negotiate"",""bars"":[{""key"":""responsible"",""label"":""responsible supplier"",""percent"":41,""isPlayerChoice"":false},{""key"":""negotiate"",""label"":""negotiate standards"",""percent"":29,""isPlayerChoice"":true},{""key"":""cost"",""label"":""prioritise cost"",""percent"":19,""isPlayerChoice"":false},{""key"":""escalate"",""label"":""escalate to leadership"",""percent"":11,""isPlayerChoice"":false}]}],""scores"":{""env"":40,""people"":60,""conduct"":80,""chain"":60},""stats"":[{""label"":""Questions answered"",""value"":""19""},{""label"":""Pillar gaps found"",""value"":""2 of 4""},{""label"":""Understanding gain"",""value"":""—""},{""label"":""Baseline confidence"",""value"":""—""},{""label"":""Post-game learning"",""value"":""—""},{""label"":""Value chain visibility"",""value"":""3/5""}]},""choices"":[{""npcId"":""olive"",""npcName"":""Olive the Owl"",""npcRole"":""Sustainability Guide"",""stepId"":""baseline_understanding"",""prompt"":""welcome. one question before we begin — delaware's work is built around five values: entrepreneurship, team spirit, respect, commitment, and care. thinking about where you work today, how much do you see those values shape real decisions?"",""choiceKey"":""3"",""choiceLabel"":""3 — sometimes""},{""npcId"":""olive"",""npcName"":""Olive the Owl"",""npcRole"":""Sustainability Guide"",""stepId"":""opening_dilemma"",""prompt"":""when pressure rises like that, which line do you protect first?"",""choiceKey"":""conduct"",""choiceLabel"":""the integrity of the message. i won't present the project as safer or cleaner than i believe it is.""},{""npcId"":""olive"",""npcName"":""Olive the Owl"",""npcRole"":""Sustainability Guide"",""stepId"":""opening_commitment"",""prompt"":""your project lead says the deck is 'directionally true' and that fully unpacking the risks tomorrow would only create noise. if you really mean integrity comes first, what do you do when everyone else calls that overreaction?"",""choiceKey"":""freeze_until_clear"",""choiceLabel"":""correct the message before the checkpoint, even if you are blamed for slowing things down.""},{""npcId"":""frank"",""npcName"":""Frank the Fish"",""npcRole"":""Environmental Stewardship"",""stepId"":""env_scenario_personal"",""prompt"":""If this were your recommendation to make — what would you lean toward?"",""choiceKey"":""lighter_model"",""choiceLabel"":""Recommend the lighter model as default — performance is sufficient and the footprint is lower.""},{""npcId"":""frank"",""npcName"":""Frank the Fish"",""npcRole"":""Environmental Stewardship"",""stepId"":""env_scenario_delaware"",""prompt"":""And what do you think delaware would expect a consultant to do in a situation like this?"",""choiceKey"":""lighter_model"",""choiceLabel"":""Default to the lighter model where performance allows.""},{""npcId"":""frank"",""npcName"":""Frank the Fish"",""npcRole"":""Environmental Stewardship"",""stepId"":""env_scale"",""prompt"":""Last question from me. How often do you see environmental considerations genuinely shaping real decisions where you work?"",""choiceKey"":""2"",""choiceLabel"":""2 — occasionally""},{""npcId"":""otis"",""npcName"":""Otis the Otter"",""npcRole"":""People & Culture"",""stepId"":""people_scenario_personal"",""prompt"":""What would you do in this moment?"",""choiceKey"":""raise_now"",""choiceLabel"":""Raise it now — waiting makes the pattern harder to break.""},{""npcId"":""otis"",""npcName"":""Otis the Otter"",""npcRole"":""People & Culture"",""stepId"":""people_scenario_delaware"",""prompt"":""What do you think happens in situations like this here, usually? What would delaware expect someone to do?"",""choiceKey"":""let_lead"",""choiceLabel"":""Leave it to the line manager to notice and handle.""},{""npcId"":""otis"",""npcName"":""Otis the Otter"",""npcRole"":""People & Culture"",""stepId"":""people_scale"",""prompt"":""One more. How safe does it feel to express a different view or raise a concern in your team?"",""choiceKey"":""3"",""choiceLabel"":""3 — sometimes""},{""npcId"":""suzy"",""npcName"":""Suzy the Sheep"",""npcRole"":""Business Conduct"",""stepId"":""conduct_scenario_personal"",""prompt"":""What would feel like the right response for you?"",""choiceKey"":""use_workaround"",""choiceLabel"":""Use the workaround this time — it's common practice and the deadline matters.""},{""npcId"":""suzy"",""npcName"":""Suzy the Sheep"",""npcRole"":""Business Conduct"",""stepId"":""conduct_scenario_delaware"",""prompt"":""What do you think delaware's leadership would expect someone to do here?"",""choiceKey"":""use_workaround"",""choiceLabel"":""Use common-practice workarounds if everyone else does.""},{""npcId"":""suzy"",""npcName"":""Suzy the Sheep"",""npcRole"":""Business Conduct"",""stepId"":""conduct_scale"",""prompt"":""And how safe would it feel to raise a concern about a process or compliance issue in your context?"",""choiceKey"":""4"",""choiceLabel"":""4 — fairly often""},{""npcId"":""hazel"",""npcName"":""Hazel the Hedgehog"",""npcRole"":""Responsible Value Chain"",""stepId"":""chain_scenario_personal"",""prompt"":""What would you lean toward in this decision?"",""choiceKey"":""negotiate"",""choiceLabel"":""Try to negotiate the lower-cost supplier to improve their standards as a condition.""},{""npcId"":""hazel"",""npcName"":""Hazel the Hedgehog"",""npcRole"":""Responsible Value Chain"",""stepId"":""chain_scenario_delaware"",""prompt"":""What do you think delaware would actually prioritise in a supplier decision like this?"",""choiceKey"":""responsible"",""choiceLabel"":""Choose the responsible supplier even at higher cost.""},{""npcId"":""hazel"",""npcName"":""Hazel the Hedgehog"",""npcRole"":""Responsible Value Chain"",""stepId"":""chain_scale"",""prompt"":""Last one. How visible is responsible external decision-making — around suppliers, partners, and longer-term impact — in your everyday work?"",""choiceKey"":""3"",""choiceLabel"":""3 — sometimes""},{""npcId"":""olive"",""npcName"":""Olive the Owl"",""npcRole"":""Sustainability Guide"",""stepId"":""final_strongest"",""prompt"":""which pillar feels strongest in terms of how it shows up in daily practice at delaware?"",""choiceKey"":""people"",""choiceLabel"":""People & Culture""},{""npcId"":""olive"",""npcName"":""Olive the Owl"",""npcRole"":""Sustainability Guide"",""stepId"":""final_important"",""prompt"":""and which pillar matters most to you personally?"",""choiceKey"":""env"",""choiceLabel"":""Environmental Stewardship — it's the area I care about most.""},{""npcId"":""olive"",""npcName"":""Olive the Owl"",""npcRole"":""Sustainability Guide"",""stepId"":""final_gap"",""prompt"":""where do you see the biggest gap between delaware's sustainability ambition and what you experience in practice?"",""choiceKey"":""chain"",""choiceLabel"":""the value chain — external responsibility is discussed less than internal performance.""},{""npcId"":""olive"",""npcName"":""Olive the Owl"",""npcRole"":""Sustainability Guide"",""stepId"":""final_focus"",""prompt"":""last one. what should delaware prioritize to close that gap?"",""choiceKey"":""systems"",""choiceLabel"":""better systems and measurement to track real progress, not just intentions.""}],""reflections"":{}}",team_lead,,Germany,"Mozilla/5.0 (Windows NT 10.0; Win64; x64) AppleWebKit/537.36 (KHTML, like Gecko) Chrome/147.0.0.0 Safari/537.36 Edg/147.0.0.0",
