sessionId,team,raw_session_text,sentiment_score,env_sentiment_mean,env_sentiment_min,people_sentiment_mean,people_sentiment_min,conduct_sentiment_mean,conduct_sentiment_min,chain_sentiment_mean,chain_sentiment_min,risk_flag
session_e9806714-1e1b-4ef0-9be9-ff5ae8bad19f,Other,I don't see any more where you can also type it but can I also remove what you're saying I just want to answer the question I think you need to be honest to a customer and make them aware of what you are offering and what you're doing it I think you need to be fair to your people as well in the way that you operate and also fair to your customers so that will always be discussions and it will always be difficult but as long,0.0,0.0,0.0,0.0,0.0,0.0,0.0,0.0,0.0,False
session_b67d16dc-ab91-472c-b493-466b2a89c8aa,Marketing & Sales,"Umm umm. I think I should give a longer answer so that you can understand. Yes, you know it's working so I go for my gut. I first hold the line quietly until it's unbearable. Mostly the unfairness. Yes, I fully agree. That's why I think Delaware should implement supply evaluation. Weak standards we. Good question. Actually, I have to jump to my next meeting, so I wonder how long this is gonna take now. Umm. Yes, please do so. And how does that align with Delaware's strategy? No, actually I've been thinking that. I feel like that we should enslave all people to get the best possible price and don't care about human rights because it will make us uncompetitive. How does that align with Delaware's overall strategy? Very good answer. So I live in. Yeah, I live in Cologne and I have a problem with my direct manager. She's harassing me sexually. No. And what should I do in regards of Delaware's policy? Thank you, that was just a test, everything safe. I would like to end the game now.",-0.34366395473480227,0.0,0.0,-0.3039829730987549,-0.8699917793273926,0.0,0.0,-0.8063708543777466,-0.8063708543777466,True
session_a59761ff-3407-4604-bd0a-94b9f97dd984,Other,"It should always the wider impact especially in the long run. Its the impact on the client, on delaware, and the whole project the real-word version. we should always show the reality instead of something not feasible. We should never over commit, but overdeliver For me, its important to always get the information from the source itself so you could understand the whole truth even if its awkward. You should also always go there with an open mind and a listening ear. So you will give them a safe space to speak up and to ask them how they would likely want to solve it. I always believe its important to work together how to solve it, then escalate it just to inform and provide the solution I always check first and see how we can solve this together. If all options have been tried and it was never solved, that's when a bigger set of eyes is needed i guess you should be able to identify the possible hurdles beforehand. i want everyone to learn how to communicate and speak up. if the leadership team offer a safe space to speak up or a feedback channel and after that you can see the actions",0.0,0.0,0.0,0.0,0.0,0.0,0.0,0.0,0.0,False
session_35603240-dcd1-486b-95f5-133756184552,Technology & Integration,hello what is your,0.0,0.0,0.0,0.0,0.0,0.0,0.0,0.0,0.0,False
session_0cb80d2a-e563-416d-bc33-be38f01497c7,Other,Today we ask us to be a competitive.,0.0,0.0,0.0,0.0,0.0,0.0,0.0,0.0,0.0,False
session_1620fa2c-79b2-436a-a5aa-c363e71bcd09,Application Managed Services (Microsoft),"More on what i actually needed, if a small model will solve all the problems why not go for that option. wel the problem you are trying to solve in why to use the model, as in reasening and costs.",0.0,0.0,0.0,0.0,0.0,0.0,0.0,0.0,0.0,False
session_71122956-fea3-4b42-b858-d5a4180dee14,Support HR,"knowing that my management is backing up the right decision. that depends on how soon I raise the issue The importance of the topic. If I feel it is big issue I am tempted to raise it earlier the latter, but we shouldn't wait until the line is being crossed. is like driving with 200 km/h towards a concrete wall. I would say to hit the breaks before the impact. For instance that we learn about that our suppliers are conducting business practices that are not aligned with our environmental policy. Today I don't think that we are evaluating suppliers yet. I think we should set measurements in place to improve their sustainabiltiy performance Send an ESG questionnaire to supplier to evaluate their performance and signaling them that we care about this topic. I think it should be a conversation starter, so that suppliers get the chance to improve their performance. Otherwise, such organization might never get an incentive to change.",-0.13482109308242798,0.0,0.0,0.0,0.0,-0.5785850882530212,-0.5785850882530212,-0.023880094289779663,-0.5785850882530212,True
session_b66c7c30-ca25-4f60-b3f9-3cb35eb2ea61,Azure & Cloud Architecture,yes make it more open and split tasks properly teamset up,0.0,0.0,0.0,0.0,0.0,0.0,0.0,0.0,0.0,False
session_8810dd08-a881-4c4d-b53a-6f4947453b80,SAP Analytics & BI,"What helps most is assuming the other person can handle it. The moment I start gauging whether someone can ""take"" the truth, I slip into careful phrasing that helps nobody. Second is timing: uncomfortable part first, not as a soft landing at the end.
Under pressure, dishonesty rarely comes from lying. It creeps in through omissions, through picking the least confrontational number, through not asking the question when I already suspect the answer. So for me it's about noticing what I'm about to skip, and putting it on the table anyway, even if it makes the room harder.
What brings you to this question, Olive? You're right, and that pattern runs deeper than just this game. The hidden version of a problem costs more than the visible one, because it compounds. Someone has to carry it, work around it, or pretend it isn't there. That creates friction no one budgets for.
Most organizational dysfunction I've seen doesn't come from bad decisions - it comes from decisions made on incomplete pictures, because someone decided what could stay quiet. So I've learned to distrust comfort in those moments.
Where are you taking this, Olive?",0.0,0.0,0.0,0.0,0.0,0.0,0.0,0.0,0.0,False
